CodigoRadioCensal,NBI_Hacinamiento_Si,NBI_Hacinamiento_No,NBI_Vivienda_Si,NBI_Vivienda_No,NBI_Sanitarias_Si,NBI_Sanitarias_No,NBI_Escolaridad_Si,NBI_Escolaridad_No,NBI_Subsistencia_Si,NBI_Subsistencia_No,NBI_Si,NBI_No,Sin_IPMH,IPMH_Solo_Recursos_Corrientes,IPMH_Solo_Recursos_Patrimoniales,IPMH_Convergente,Total Hogares
820840301,28,239,14,253,7,260,3,264,5,262,52,215,35,15,117,100,267
820840302,2,283,1,284,0,285,1,284,1,284,5,280,167,37,56,25,285
820840303,9,231,6,234,1,239,0,240,2,238,16,224,135,58,25,22,240
820840304,10,429,6,433,5,434,3,436,3,436,23,416,271,62,59,47,439
820840305,4,239,3,240,2,241,4,239,0,243,13,230,147,42,35,19,243
820840306,8,343,5,346,3,348,1,350,3,348,18,333,203,68,45,35,351
820840307,0,201,0,201,0,201,1,200,0,201,1,200,175,20,4,2,201
820840308,8,222,6,224,8,222,2,228,2,228,24,206,122,24,33,51,230
820840309,2,205,1,206,0,207,0,207,0,207,3,204,138,42,12,15,207
820840310,17,215,4,228,1,231,4,228,2,230,26,206,70,53,55,54,232
820840311,33,321,15,339,13,341,7,347,3,351,62,292,37,26,152,139,354
820840312,8,423,5,426,12,419,0,431,1,430,22,409,327,24,38,42,431
820840313,11,235,1,245,2,244,2,244,0,246,16,230,91,31,71,53,246
820840314,15,340,10,345,6,349,1,354,3,352,34,321,143,42,85,85,355
820840315,4,211,6,209,0,215,4,211,0,215,13,202,150,42,15,8,215
820840316,3,220,0,223,1,222,0,223,1,222,4,219,146,59,10,8,223
820840317,9,222,3,228,4,227,17,214,1,230,27,204,112,70,23,26,231
820840318,9,207,1,215,2,214,0,216,2,214,13,203,128,72,8,8,216
820840319,12,284,4,292,5,291,4,292,3,293,26,270,120,101,22,53,296
820840320,4,208,1,211,1,211,1,211,2,210,7,205,121,59,14,18,212
820840321,4,190,2,192,2,192,0,194,1,193,7,187,110,36,24,24,194
820840322,6,206,6,206,0,212,2,210,0,212,14,198,114,52,25,21,212
820840323,3,238,4,237,1,240,2,239,1,240,11,230,168,41,24,8,241
820840324,1,268,0,269,0,269,0,269,1,268,2,267,227,32,6,4,269
820840325,1,85,0,86,0,86,0,86,1,85,2,84,72,12,1,1,86
820840326,0,251,3,248,0,251,0,251,0,251,3,248,213,37,0,1,251
820840327,0,204,0,204,1,203,0,204,0,204,1,203,178,22,3,1,204
820840328,0,213,0,213,0,213,2,211,2,211,3,210,180,30,2,1,213
820840329,0,301,1,300,0,301,1,300,2,299,4,297,267,25,6,3,301
820840330,2,206,1,207,0,208,0,208,0,208,3,205,175,21,8,4,208
820840331,4,194,1,197,5,193,0,198,0,198,7,191,169,17,8,4,198
820840332,0,85,0,85,1,84,0,85,0,85,1,84,74,8,3,0,85
820840333,21,209,18,212,8,222,4,226,1,229,47,183,15,16,94,105,230
820840334,25,275,6,294,11,289,11,289,3,297,51,249,34,26,92,148,300
820840335,15,230,7,238,2,243,4,241,0,245,26,219,80,44,58,63,245
820840336,10,332,4,338,0,342,5,337,0,342,18,324,184,73,37,48,342
820840337,4,355,4,355,1,358,5,354,1,358,14,345,228,95,19,17,359
820840338,13,184,3,194,2,195,4,193,4,193,22,175,46,28,57,66,197
820840339,14,246,3,257,11,249,3,257,1,259,28,232,71,31,88,70,260
820840401,5,197,1,201,0,202,0,202,1,201,6,196,151,32,13,6,202
820840402,4,295,5,294,0,299,0,299,0,299,8,291,253,28,8,10,299
820840403,1,360,0,361,0,361,0,361,0,361,1,360,299,51,10,1,361
820840404,3,215,1,217,0,218,1,217,0,218,5,213,153,36,17,12,218
820840405,0,198,3,195,0,198,0,198,0,198,3,195,172,19,5,2,198
820840406,0,388,1,387,0,388,0,388,1,387,2,386,353,28,4,3,388
820840407,2,219,1,220,0,221,0,221,0,221,3,218,193,20,5,3,221
820840408,3,298,3,298,0,301,0,301,2,299,8,293,240,37,15,9,301
820840409,1,225,4,222,0,226,2,224,0,226,7,219,197,26,2,1,226
820840410,0,265,0,265,0,265,0,265,0,265,0,265,248,12,5,0,265
820840411,3,314,3,314,0,317,0,317,1,316,7,310,261,42,9,5,317
820840412,1,318,1,318,2,317,1,318,0,319,3,316,251,46,12,10,319
820840413,3,199,4,198,0,202,0,202,1,201,7,195,141,43,12,6,202
820840414,1,277,10,268,0,278,0,278,1,277,11,267,228,31,17,2,278
820840415,0,212,1,211,0,212,0,212,0,212,1,211,168,35,5,4,212
820840416,1,129,0,130,0,130,0,130,0,130,1,129,113,13,3,1,130
820840417,0,96,0,96,0,96,0,96,0,96,0,96,85,9,1,1,96
820840418,0,156,0,156,0,156,0,156,0,156,0,156,143,10,1,2,156
820840419,0,79,0,79,0,79,0,79,0,79,0,79,69,7,2,1,79
820840420,2,357,3,356,0,359,1,358,0,359,6,353,292,57,6,4,359
820840421,2,235,0,237,0,237,0,237,0,237,2,235,201,25,7,4,237
820840422,2,261,4,259,0,263,2,261,1,262,8,255,199,44,8,12,263
820840423,2,200,0,202,1,201,0,202,2,200,5,197,167,25,8,2,202
820840424,2,232,0,234,1,233,0,234,0,234,2,232,202,16,11,5,234
820840425,6,223,2,227,7,222,6,223,0,229,21,208,108,46,43,32,229
820840426,3,164,1,166,0,167,1,166,0,167,5,162,104,53,3,7,167
820840427,34,281,8,307,4,311,1,314,4,311,47,268,113,91,29,82,315
820840428,11,265,3,273,2,274,7,269,5,271,25,251,119,98,24,35,276
820840429,10,398,2,406,5,403,0,408,2,406,19,389,221,114,36,37,408
820840430,1,184,0,185,0,185,1,184,0,185,2,183,163,15,6,1,185
820840501,2,245,3,244,0,247,1,246,1,246,7,240,182,39,14,12,247
820840502,2,378,11,369,0,380,1,379,1,379,14,366,335,21,13,11,380
820840503,2,263,5,260,0,265,0,265,0,265,7,258,218,23,14,10,265
820840504,0,169,1,168,1,168,1,168,0,169,3,166,148,18,3,0,169
820840505,2,371,1,372,0,373,1,372,1,372,5,368,308,39,18,8,373
820840506,3,223,8,218,0,226,0,226,0,226,11,215,194,17,10,5,226
820840507,0,343,1,342,0,343,0,343,0,343,1,342,309,28,5,1,343
820840508,1,190,6,185,1,190,1,190,0,191,8,183,178,9,3,1,191
820840509,0,340,3,337,0,340,0,340,0,340,3,337,298,30,10,2,340
820840510,3,262,0,265,0,265,1,264,0,265,4,261,243,16,3,3,265
820840511,0,307,1,306,0,307,0,307,0,307,1,306,292,13,0,2,307
820840512,0,176,0,176,0,176,0,176,0,176,0,176,152,23,1,0,176
820840513,2,230,1,231,0,232,0,232,0,232,2,230,208,15,7,2,232
820840514,0,235,1,234,0,235,1,234,0,235,2,233,206,23,4,2,235
820840515,0,197,0,197,0,197,0,197,0,197,0,197,170,21,4,2,197
820840516,0,317,4,313,1,316,1,316,1,316,7,310,299,15,3,0,317
820840517,2,360,2,360,0,362,0,362,2,360,5,357,309,39,10,4,362
820840518,1,203,2,202,0,204,0,204,0,204,3,201,186,14,3,1,204
820840519,0,188,0,188,0,188,0,188,0,188,0,188,174,11,2,1,188
820840520,1,226,1,226,1,226,1,226,0,227,4,223,197,22,6,2,227
820840521,0,165,2,163,0,165,3,162,0,165,5,160,140,19,3,3,165
820840522,0,180,0,180,0,180,0,180,0,180,0,180,145,23,10,2,180
820840523,0,196,2,194,0,196,0,196,0,196,2,194,167,19,7,3,196
820840524,1,197,2,196,0,198,1,197,0,198,4,194,180,15,3,0,198
820840601,2,281,1,282,6,277,3,280,0,283,11,272,183,46,28,26,283
820840602,0,345,1,344,0,345,5,340,3,342,8,337,262,67,14,2,345
820840603,7,320,2,325,0,327,1,326,1,326,11,316,229,74,12,12,327
820840604,6,275,4,277,1,280,1,280,0,281,12,269,145,51,45,40,281
820840605,10,181,3,188,0,191,1,190,2,189,13,178,40,23,73,55,191
820840606,3,367,3,367,1,369,2,368,2,368,10,360,235,63,37,35,370
820840607,1,275,2,274,0,276,2,274,1,275,6,270,214,50,9,3,276
820840608,0,292,0,292,1,291,0,292,0,292,1,291,227,54,4,7,292
820840609,0,253,0,253,0,253,0,253,0,253,0,253,201,46,5,1,253
820840610,0,399,3,396,0,399,1,398,1,398,5,394,345,39,10,5,399
820840611,1,400,2,399,0,401,0,401,0,401,3,398,352,41,4,4,401
820840612,2,181,2,181,0,183,0,183,1,182,5,178,150,24,4,5,183
820840613,2,175,3,174,0,177,0,177,0,177,5,172,146,23,8,0,177
820840614,7,218,6,219,0,225,2,223,3,222,16,209,168,39,16,2,225
820840615,2,302,1,303,0,304,4,300,3,301,10,294,187,74,25,18,304
820840616,12,232,6,238,4,240,4,240,4,240,28,216,73,55,62,54,244
820840617,5,347,4,348,2,350,1,351,3,349,12,340,215,66,37,34,352
820840618,9,325,3,331,0,334,1,333,4,330,17,317,224,61,25,24,334
820840619,5,266,5,266,1,270,1,270,1,270,13,258,186,50,25,10,271
820840620,2,309,1,310,0,311,1,310,2,309,6,305,209,65,32,5,311
820840621,4,251,0,255,0,255,1,254,1,254,6,249,184,47,17,7,255
820840622,3,319,3,319,5,317,1,321,1,321,10,312,219,63,27,13,322
820840623,13,350,2,361,5,358,5,358,2,361,25,338,165,81,50,67,363
820840624,13,216,2,227,1,228,2,227,0,229,18,211,149,35,24,21,229
820840625,7,189,4,192,1,195,2,194,2,194,14,182,69,27,47,53,196
820840626,14,140,8,146,1,153,0,154,1,153,20,134,31,7,58,58,154
820840627,1,198,1,198,0,199,1,198,0,199,3,196,152,23,12,12,199
820840628,5,226,1,230,0,231,0,231,0,231,6,225,177,30,17,7,231
820840629,3,287,3,287,2,288,2,288,0,290,9,281,203,47,24,16,290
820840630,14,271,3,282,3,282,3,282,5,280,24,261,137,69,41,38,285
820840701,10,277,5,282,2,285,2,285,1,286,18,269,168,47,45,27,287
820840702,7,316,3,320,1,322,6,317,1,322,17,306,142,62,76,43,323
820840703,2,242,4,240,0,244,2,242,2,242,10,234,162,37,23,22,244
820840704,2,280,2,280,0,282,0,282,1,281,4,278,175,54,35,18,282
820840705,3,195,5,193,0,198,0,198,0,198,8,190,139,39,12,8,198
820840706,17,234,7,244,2,249,4,247,4,247,29,222,87,40,72,52,251
820840707,21,359,6,374,4,376,7,373,6,374,43,337,174,57,72,77,380
820840708,7,292,7,292,0,299,0,299,0,299,13,286,210,43,26,20,299
820840709,4,225,7,222,0,229,0,229,1,228,12,217,143,48,20,18,229
820840710,1,230,2,229,0,231,2,229,0,231,5,226,195,30,5,1,231
820840711,0,273,0,273,1,272,0,273,0,273,1,272,254,13,5,1,273
820840712,0,341,2,339,0,341,2,339,1,340,5,336,301,27,7,6,341
820840713,0,191,0,191,0,191,0,191,0,191,0,191,173,17,0,1,191
820840714,0,289,1,288,0,289,0,289,0,289,1,288,258,26,2,3,289
820840715,1,351,3,349,0,352,0,352,1,351,5,347,309,37,2,4,352
820840716,1,241,2,240,0,242,0,242,0,242,3,239,205,27,10,0,242
820840717,8,244,5,247,1,251,1,251,0,252,14,238,131,54,46,21,252
820840718,3,219,6,216,1,221,5,217,0,222,15,207,122,20,42,38,222
820840719,0,307,1,306,0,307,1,306,0,307,2,305,275,21,8,3,307
820840720,1,250,1,250,0,251,0,251,0,251,2,249,230,14,5,2,251
820840721,27,253,11,269,6,274,9,271,4,276,52,228,25,18,82,155,280
820840722,0,130,1,129,0,130,0,130,0,130,1,129,106,10,9,5,130
820840723,4,313,3,314,0,317,3,314,3,314,11,306,198,68,25,26,317
820840724,7,292,3,296,2,297,4,295,1,298,16,283,211,56,15,17,299
820840725,5,220,2,223,1,224,1,224,0,225,9,216,148,46,18,13,225
820840726,5,213,7,211,2,216,1,217,2,216,15,203,126,44,29,19,218
820840727,4,195,4,195,0,199,1,198,1,198,10,189,108,40,28,23,199
820840728,16,219,7,228,2,233,3,232,2,233,25,210,82,39,51,63,235
820840729,3,230,1,232,1,232,2,231,0,233,6,227,148,49,15,21,233
820840730,11,383,2,392,0,394,12,382,11,383,36,358,140,185,22,47,394
820840731,20,262,35,247,9,273,11,271,2,280,60,222,39,13,134,96,282
820840732,1,171,4,168,0,172,1,171,0,172,6,166,134,24,9,5,172
820840733,0,185,1,184,0,185,0,185,0,185,1,184,162,22,1,0,185
820840734,19,260,6,273,12,267,6,273,2,277,41,238,78,31,74,96,279
820840801,1,148,1,148,0,149,0,149,0,149,2,147,134,12,3,0,149
820840802,1,213,1,213,0,214,0,214,1,213,3,211,194,16,3,1,214
820840803,1,214,7,208,0,215,0,215,0,215,8,207,187,22,4,2,215
820840804,0,191,0,191,0,191,0,191,0,191,0,191,170,12,6,3,191
820840805,0,228,0,228,0,228,0,228,0,228,0,228,201,18,5,4,228
820840806,2,323,1,324,0,325,1,324,0,325,4,321,281,34,7,3,325
820840807,7,290,1,296,6,291,5,292,1,296,17,280,204,46,21,26,297
820840808,0,416,0,416,0,416,0,416,0,416,0,416,361,40,11,4,416
820840809,0,168,0,168,0,168,0,168,0,168,0,168,153,12,3,0,168
820840810,2,348,1,349,0,350,0,350,0,350,2,348,313,26,8,3,350
820840811,42,425,21,446,20,447,4,463,9,458,88,379,116,90,110,151,467
820840812,1,229,3,227,0,230,0,230,0,230,4,226,215,11,3,1,230
820840813,5,182,10,177,0,187,4,183,0,187,14,173,169,17,1,0,187
820840814,0,239,0,239,0,239,0,239,0,239,0,239,224,10,4,1,239
820840815,2,236,0,238,0,238,1,237,1,237,4,234,214,18,5,1,238
820840816,0,180,0,180,0,180,0,180,0,180,0,180,152,19,9,0,180
820840817,1,221,4,218,0,222,0,222,0,222,5,217,197,11,10,4,222
820840901,1,363,0,364,0,364,0,364,0,364,1,363,335,22,4,3,364
820840902,0,200,0,200,0,200,0,200,1,199,1,199,184,12,4,0,200
820840903,1,302,0,303,0,303,0,303,0,303,1,302,269,27,4,3,303
820840904,2,332,1,333,0,334,0,334,0,334,2,332,297,32,3,2,334
820840905,0,202,0,202,0,202,1,201,0,202,1,201,174,20,8,0,202
820840906,2,313,1,314,0,315,2,313,0,315,5,310,278,23,8,6,315
820840907,15,193,10,198,7,201,2,206,5,203,33,175,77,29,44,58,208
820840908,1,301,2,300,0,302,1,301,0,302,4,298,229,53,13,7,302
820840909,0,242,2,240,0,242,0,242,0,242,2,240,222,18,2,0,242
820840910,0,237,0,237,0,237,0,237,0,237,0,237,217,13,7,0,237
820840911,1,217,1,217,0,218,0,218,1,217,2,216,191,24,2,1,218
820840912,0,205,0,205,1,204,0,205,0,205,1,204,185,13,6,1,205
820840913,0,181,0,181,0,181,0,181,0,181,0,181,156,22,3,0,181
820840914,2,187,1,188,0,189,0,189,0,189,3,186,141,30,15,3,189
820841001,10,231,9,232,2,239,7,234,2,239,26,215,66,25,82,68,241
820841002,13,235,9,239,3,245,2,246,2,246,26,222,69,47,68,64,248
820841003,13,208,1,220,2,219,5,216,1,220,21,200,98,43,39,41,221
820841004,19,332,7,344,0,351,3,348,4,347,30,321,149,83,58,61,351
820841005,13,259,8,264,8,264,2,270,4,268,32,240,92,41,74,65,272
820841006,9,317,5,321,1,325,1,325,2,324,17,309,165,57,55,49,326
820841007,16,261,7,270,1,276,3,274,0,277,25,252,135,56,46,40,277
820841008,6,265,9,262,0,271,3,268,1,270,18,253,179,43,33,16,271
820841009,7,200,8,199,5,202,4,203,1,206,19,188,123,37,31,16,207
820841010,18,330,8,340,0,348,10,338,3,345,37,311,135,57,84,72,348
820841011,6,254,6,254,3,257,6,254,1,259,21,239,133,41,58,28,260
820841012,5,206,6,205,1,210,0,211,1,210,11,200,115,44,28,24,211
820841013,9,252,4,257,1,260,5,256,2,259,20,241,177,50,17,17,261
820841014,6,257,0,263,1,262,1,262,0,263,8,255,181,42,29,11,263
820841015,10,314,9,315,1,323,5,319,2,322,24,300,191,48,59,26,324
820841016,1,141,0,142,0,142,0,142,1,141,2,140,111,17,9,5,142
820841017,3,191,2,192,2,192,1,193,0,194,6,188,138,30,19,7,194
820841018,3,160,3,160,0,163,3,160,0,163,8,155,114,37,7,5,163
820841019,31,225,18,238,2,254,6,250,5,251,52,204,34,25,66,131,256
820841020,51,372,25,398,8,415,5,418,13,410,85,338,38,19,145,221,423
820841021,30,245,3,272,3,272,0,275,5,270,38,237,55,37,64,119,275
820841022,12,187,2,197,3,196,0,199,1,198,17,182,40,23,62,74,199
820841023,8,154,1,161,0,162,5,157,2,160,13,149,75,38,24,25,162
820841024,15,294,1,308,1,308,3,306,2,307,19,290,154,51,55,49,309
820841025,7,261,12,256,1,267,3,265,1,267,23,245,154,53,42,19,268
820841026,5,225,4,226,2,228,2,228,0,230,12,218,161,43,18,8,230
820841027,13,252,12,253,10,255,2,263,2,263,29,236,131,46,55,33,265
820841028,2,218,4,216,0,220,2,218,2,218,9,211,145,46,12,17,220
820841029,3,213,3,213,0,216,3,213,0,216,9,207,146,35,23,12,216
820841030,13,232,23,222,0,245,1,244,6,239,38,207,137,50,24,34,245
820841031,6,238,4,240,0,244,1,243,0,244,10,234,159,51,18,16,244
820841032,4,267,1,270,0,271,3,268,2,269,8,263,180,68,18,5,271
820841033,3,170,3,170,2,171,0,173,1,172,8,165,98,44,18,13,173
820841034,5,185,4,186,2,188,2,188,1,189,13,177,80,31,47,32,190
820841035,36,219,11,244,8,247,8,247,2,253,55,200,16,11,82,146,255
820841036,19,200,8,211,11,208,4,215,0,219,37,182,18,15,77,109,219
820841037,16,239,8,247,10,245,8,247,3,252,38,217,35,24,92,104,255
820841101,0,276,0,276,0,276,1,275,1,275,2,274,244,21,8,3,276
820841102,1,234,1,234,1,234,0,235,0,235,3,232,214,14,6,1,235
820841103,2,355,1,356,0,357,0,357,0,357,3,354,297,32,17,11,357
820841104,4,291,0,295,0,295,1,294,1,294,5,290,245,24,14,12,295
820841105,7,352,3,356,2,357,2,357,0,359,14,345,230,78,30,21,359
820841106,10,362,4,368,1,371,4,368,2,370,19,353,214,101,34,23,372
820841107,3,294,1,296,0,297,2,295,1,296,7,290,204,44,27,22,297
820841108,0,320,0,320,0,320,1,319,2,318,3,317,268,34,11,7,320
820841109,0,31,1,30,0,31,0,31,0,31,1,30,24,5,2,0,31
820841110,5,288,1,292,0,293,0,293,1,292,7,286,233,32,16,12,293
820841111,3,385,6,382,3,385,2,386,0,388,14,374,318,37,28,5,388
820841112,3,334,0,337,0,337,0,337,0,337,3,334,306,19,6,6,337
820841113,3,191,4,190,1,193,0,194,1,193,8,186,121,34,24,15,194
820841114,9,202,3,208,6,205,6,205,0,211,24,187,65,14,79,53,211
820841115,2,274,3,273,2,274,1,275,0,276,8,268,204,41,20,11,276
820841116,1,335,1,335,1,335,4,332,1,335,7,329,266,57,7,6,336
820841117,1,382,1,382,0,383,2,381,0,383,4,379,325,36,10,12,383
820841118,2,330,1,331,0,332,0,332,1,331,4,328,284,32,9,7,332
820841119,1,346,3,344,2,345,0,347,2,345,8,339,282,48,12,5,347
820841120,2,239,3,238,0,241,1,240,3,238,8,233,151,46,34,10,241
820841121,2,260,0,262,0,262,0,262,0,262,2,260,232,21,6,3,262
820841122,5,275,3,277,0,280,0,280,1,279,9,271,191,34,35,20,280
820841123,0,230,1,229,0,230,1,229,0,230,2,228,196,26,6,2,230
820841201,13,268,10,271,2,279,8,273,0,281,32,249,139,47,61,34,281
820841202,19,435,7,447,6,448,8,446,4,450,40,414,163,115,79,97,454
820841203,10,358,4,364,0,368,4,364,0,368,18,350,236,80,29,23,368
820841204,15,289,1,303,1,303,2,302,3,301,21,283,115,74,53,62,304
820841205,7,329,1,335,0,336,1,335,1,335,10,326,208,73,33,22,336
820841206,22,335,24,333,5,352,4,353,8,349,57,300,67,31,127,132,357
820841207,6,254,6,254,3,257,1,259,1,259,17,243,158,38,36,28,260
820841208,8,243,7,244,0,251,0,251,2,249,17,234,165,49,24,13,251
820841209,18,316,7,327,0,334,0,334,3,331,27,307,76,60,96,102,334
820841210,6,313,2,317,0,319,4,315,2,317,13,306,215,61,27,16,319
820841211,6,223,0,229,1,228,5,224,5,224,15,214,105,74,28,22,229
820841212,5,253,4,254,1,257,0,258,1,257,10,248,181,47,16,14,258
820841213,9,184,7,186,6,187,2,191,4,189,24,169,81,30,35,47,193
820841214,0,222,2,220,1,221,3,219,1,221,7,215,159,36,15,12,222
820841215,2,317,4,315,1,318,2,317,0,319,9,310,214,47,36,22,319
820841216,2,236,5,233,2,236,0,238,0,238,8,230,158,34,28,18,238
820841217,11,283,5,289,3,291,0,294,0,294,16,278,188,36,34,36,294
820841218,7,205,2,210,1,211,1,211,1,211,12,200,92,23,54,43,212
820841219,14,253,1,266,12,255,8,259,6,261,37,230,108,47,41,71,267
820841220,15,284,2,297,4,295,4,295,2,297,25,274,109,60,70,60,299
820841221,15,355,4,366,3,367,5,365,4,366,26,344,185,65,51,69,370
820841222,13,240,3,250,1,252,0,253,6,247,21,232,127,60,34,32,253
820841223,8,245,3,250,1,252,1,252,1,252,12,241,161,46,24,22,253
820841224,4,270,7,267,2,272,0,274,0,274,13,261,148,45,49,32,274
820841225,5,180,2,183,0,185,1,184,4,181,12,173,99,49,16,21,185
820841226,21,238,9,250,4,255,1,258,2,257,33,226,93,29,51,86,259
820841227,1,157,2,156,0,158,2,156,0,158,5,153,106,38,12,2,158
820841228,21,268,22,267,2,287,3,286,1,288,42,247,54,35,89,111,289
820841301,6,354,8,352,5,355,3,357,1,359,21,339,272,45,28,15,360
820841302,2,212,3,211,0,214,2,212,1,213,8,206,167,30,7,10,214
820841303,7,230,2,235,2,235,1,236,0,237,11,226,103,45,46,43,237
820841304,7,277,3,281,7,277,0,284,3,281,17,267,176,46,28,34,284
820841305,4,299,5,298,0,303,0,303,0,303,7,296,226,47,16,14,303
820841306,12,382,11,383,2,392,3,391,0,394,26,368,220,59,54,61,394
820841307,16,306,10,312,2,320,3,319,0,322,28,294,182,49,42,49,322
820841308,7,373,11,369,6,374,1,379,7,373,27,353,236,62,49,33,380
820841309,1,186,1,186,0,187,0,187,0,187,2,185,162,16,8,1,187
820841310,1,213,0,214,0,214,1,213,1,213,3,211,179,27,4,4,214
820841311,1,185,4,182,0,186,0,186,0,186,5,181,161,18,4,3,186
820841312,1,287,4,284,0,288,2,286,2,286,9,279,246,34,5,3,288
820841313,5,250,3,252,2,253,6,249,0,255,13,242,167,48,21,19,255
820841314,8,319,15,312,1,326,5,322,1,326,27,300,188,43,46,50,327
820841315,13,195,8,200,0,208,2,206,3,205,23,185,79,36,49,44,208
820841316,6,163,9,160,1,168,3,166,0,169,16,153,90,31,19,29,169
820841317,8,141,28,121,1,148,2,147,1,148,36,113,35,13,47,54,149
820841318,5,147,0,152,1,151,2,150,1,151,8,144,95,27,20,10,152
820841319,2,115,6,111,0,117,4,113,0,117,11,106,75,21,14,7,117
820841320,6,179,3,182,0,185,2,183,2,183,13,172,113,41,11,20,185
820841401,6,283,4,285,1,288,0,289,0,289,9,280,218,42,15,14,289
820841402,0,262,0,262,0,262,0,262,0,262,0,262,235,22,4,1,262
820841403,1,184,2,183,0,185,0,185,1,184,3,182,165,14,4,2,185
820841404,4,338,4,338,0,342,0,342,0,342,8,334,287,42,9,4,342
820841405,0,266,1,265,0,266,2,264,0,266,3,263,226,30,8,2,266
820841406,3,352,0,355,0,355,0,355,0,355,3,352,292,53,7,3,355
820841407,2,317,1,318,1,318,2,317,3,316,8,311,254,44,16,5,319
820841408,0,322,1,321,0,322,0,322,0,322,1,321,276,30,11,5,322
820841409,0,233,3,230,0,233,0,233,0,233,3,230,199,25,4,5,233
820841410,0,346,1,345,0,346,1,345,0,346,2,344,273,49,13,11,346
820841411,2,189,4,187,0,191,0,191,0,191,5,186,162,19,7,3,191
820841412,0,155,0,155,0,155,0,155,0,155,0,155,133,15,6,1,155
820841501,4,565,4,565,0,569,2,567,0,569,10,559,499,43,13,14,569
820841502,2,255,5,252,0,257,3,254,1,256,10,247,199,32,21,5,257
820841503,0,335,5,330,0,335,0,335,0,335,5,330,298,28,4,5,335
820841504,3,379,0,382,7,375,3,379,0,382,11,371,337,24,17,4,382
820841505,1,251,0,252,0,252,1,251,0,252,2,250,228,17,3,4,252
820841506,0,312,5,307,0,312,1,311,0,312,6,306,273,32,6,1,312
820841507,7,360,1,366,3,364,3,364,0,367,13,354,275,54,27,11,367
820841508,2,510,3,509,0,512,3,509,1,511,8,504,459,46,6,1,512
820841509,0,131,0,131,0,131,0,131,0,131,0,131,118,10,1,2,131
820841510,3,147,0,150,0,150,1,149,0,150,4,146,131,11,5,3,150
820841511,4,284,1,287,0,288,3,285,1,287,9,279,214,34,22,18,288
820841512,1,213,0,214,0,214,1,213,0,214,2,212,201,12,0,1,214
820841513,2,285,4,283,2,285,0,287,0,287,7,280,241,29,10,7,287
820841601,2,243,1,244,0,245,1,244,0,245,4,241,208,36,1,0,245
820841602,2,240,2,240,0,242,0,242,2,240,6,236,196,39,5,2,242
820841603,5,282,2,285,0,287,2,285,1,286,8,279,236,40,10,1,287
820841604,2,352,0,354,0,354,1,353,0,354,3,351,320,28,6,0,354
820841605,0,217,0,217,0,217,1,216,0,217,1,216,181,28,5,3,217
820841606,6,269,0,275,0,275,1,274,1,274,8,267,215,47,11,2,275
820841607,3,298,3,298,0,301,3,298,0,301,9,292,224,69,3,5,301
820841608,0,317,5,312,0,317,0,317,0,317,5,312,266,48,3,0,317
820841609,1,254,7,248,0,255,0,255,0,255,8,247,217,32,6,0,255
820841610,0,219,2,217,0,219,0,219,0,219,2,217,178,38,1,2,219
820841611,0,277,0,277,0,277,0,277,0,277,0,277,242,29,4,2,277
820841612,1,175,1,175,0,176,1,175,0,176,3,173,126,44,4,2,176
820841613,1,174,3,172,0,175,3,172,1,174,7,168,137,32,6,0,175
820841614,4,196,2,198,0,200,2,198,0,200,8,192,164,33,2,1,200
820841615,1,211,1,211,0,212,3,209,0,212,5,207,182,25,3,2,212
820841616,1,269,3,267,0,270,0,270,0,270,4,266,230,35,3,2,270
820841617,0,250,4,246,0,250,1,249,2,248,7,243,207,38,4,1,250
820841618,0,205,4,201,0,205,0,205,0,205,4,201,170,32,3,0,205
820841619,5,291,3,293,0,296,1,295,0,296,9,287,222,66,7,1,296
820841620,0,288,5,283,0,288,0,288,1,287,6,282,237,49,2,0,288
820841621,1,188,2,187,0,189,1,188,0,189,4,185,164,19,6,0,189
820841622,2,182,1,183,0,184,0,184,0,184,3,181,131,49,4,0,184
820841701,0,230,3,227,0,230,0,230,0,230,3,227,203,22,4,1,230
820841702,1,259,2,258,0,260,0,260,0,260,3,257,231,27,1,1,260
820841703,2,317,15,304,0,319,0,319,0,319,16,303,276,41,1,1,319
820841704,5,325,3,327,0,330,0,330,1,329,9,321,286,35,5,4,330
820841705,1,235,6,230,0,236,0,236,0,236,7,229,209,21,5,1,236
820841706,1,189,1,189,0,190,0,190,0,190,2,188,179,9,1,1,190
820841707,0,331,3,328,0,331,2,329,1,330,5,326,285,40,5,1,331
820841708,0,275,1,274,0,275,0,275,0,275,1,274,246,29,0,0,275
820841709,1,231,1,231,0,232,0,232,0,232,2,230,212,17,1,2,232
820841710,0,314,5,309,0,314,1,313,0,314,6,308,266,40,5,3,314
820841711,1,327,3,325,0,328,0,328,0,328,3,325,277,41,9,1,328
820841712,1,256,4,253,0,257,0,257,0,257,5,252,235,21,0,1,257
820841713,0,177,3,174,0,177,0,177,0,177,3,174,138,33,4,2,177
820841714,2,229,3,228,0,231,0,231,1,230,6,225,158,61,6,6,231
820841715,0,93,0,93,0,93,0,93,0,93,0,93,76,13,3,1,93
820841716,1,220,0,221,0,221,1,220,0,221,2,219,193,26,1,1,221
820841717,1,235,2,234,1,235,0,236,0,236,4,232,203,26,6,1,236
820841718,2,282,0,284,1,283,1,283,0,284,4,280,211,44,14,15,284
820841719,0,370,0,370,0,370,0,370,1,369,1,369,328,33,5,4,370
820841720,0,140,2,138,0,140,0,140,0,140,2,138,129,7,4,0,140
820841721,0,162,0,162,0,162,1,161,0,162,1,161,144,16,2,0,162
820841722,1,205,4,202,0,206,1,205,0,206,5,201,174,31,0,1,206
820841723,1,307,8,300,0,308,0,308,0,308,9,299,237,62,4,5,308
820841724,0,324,1,323,0,324,0,324,0,324,1,323,237,85,2,0,324
820841725,0,265,0,265,0,265,0,265,0,265,0,265,225,38,1,1,265
820841726,0,232,1,231,0,232,0,232,0,232,1,231,161,65,5,1,232
820841727,0,215,1,214,0,215,0,215,0,215,1,214,169,39,4,3,215
820841801,1,154,0,155,0,155,0,155,0,155,1,154,132,21,1,1,155
820841802,1,209,1,209,0,210,2,208,0,210,4,206,187,17,3,3,210
820841803,0,301,1,300,0,301,0,301,0,301,1,300,266,31,3,1,301
820841804,1,346,4,343,0,347,0,347,3,344,8,339,313,30,3,1,347
820841805,11,454,12,453,0,465,5,460,0,465,23,442,393,65,5,2,465
820841806,0,332,0,332,0,332,0,332,0,332,0,332,294,33,4,1,332
820841807,4,485,1,488,0,489,1,488,0,489,6,483,415,44,19,11,489
820841808,0,370,0,370,0,370,1,369,0,370,1,369,333,34,2,1,370
820841809,0,299,6,293,0,299,0,299,0,299,6,293,266,31,1,1,299
820841810,0,215,12,203,0,215,0,215,0,215,12,203,192,20,2,1,215
820841811,7,353,2,358,0,360,3,357,1,359,12,348,299,58,2,1,360
820841812,0,208,0,208,0,208,0,208,0,208,0,208,186,17,4,1,208
820841813,0,327,0,327,0,327,1,326,0,327,1,326,296,26,2,3,327
820841814,0,317,1,316,0,317,0,317,0,317,1,316,291,21,4,1,317
820841815,0,260,3,257,0,260,0,260,0,260,3,257,218,37,4,1,260
820841816,0,192,1,191,0,192,1,191,0,192,2,190,169,20,1,2,192
820841817,1,158,2,157,0,159,0,159,0,159,3,156,138,18,2,1,159
820841818,1,293,5,289,0,294,0,294,0,294,5,289,252,38,2,2,294
820841819,1,203,1,203,0,204,1,203,0,204,3,201,173,28,1,2,204
820841820,1,251,0,252,0,252,0,252,0,252,1,251,225,25,1,1,252
820841821,1,208,4,205,0,209,1,208,0,209,6,203,181,26,2,0,209
820841822,0,192,1,191,0,192,0,192,0,192,1,191,179,12,0,1,192
820841823,4,326,0,330,0,330,0,330,0,330,4,326,292,29,6,3,330
820841824,0,162,1,161,0,162,1,161,0,162,2,160,143,18,1,0,162
820841901,0,494,0,494,0,494,2,492,0,494,2,492,457,25,9,3,494
820841902,4,336,15,325,0,340,3,337,4,336,25,315,289,41,10,0,340
820841903,1,507,0,508,0,508,2,506,0,508,3,505,474,31,3,0,508
820841904,2,318,11,309,0,320,4,316,3,317,20,300,261,53,4,2,320
820841905,1,269,1,269,0,270,2,268,0,270,4,266,242,20,6,2,270
820841906,1,328,0,329,0,329,2,327,1,328,4,325,295,29,4,1,329
820841907,1,303,2,302,0,304,0,304,0,304,3,301,272,30,2,0,304
820841908,6,157,1,162,0,163,5,158,2,161,12,151,126,24,9,4,163
820841909,3,326,2,327,0,329,4,325,0,329,8,321,278,40,8,3,329
820841910,1,190,3,188,0,191,1,190,0,191,5,186,161,27,1,2,191
820841911,0,198,4,194,0,198,1,197,0,198,5,193,178,18,2,0,198
820841912,6,407,10,403,0,413,8,405,0,413,21,392,341,61,10,1,413
820841913,1,190,0,191,0,191,2,189,1,190,4,187,162,18,7,4,191
820841914,0,219,0,219,0,219,0,219,0,219,0,219,188,29,1,1,219
820841915,12,275,14,273,1,286,3,284,3,284,29,258,196,44,31,16,287
820841916,4,300,4,300,12,292,2,302,0,304,20,284,243,36,16,9,304
820841917,0,367,0,367,0,367,0,367,0,367,0,367,342,22,3,0,367
820841918,0,292,1,291,0,292,0,292,0,292,1,291,266,21,4,1,292
820841919,0,219,2,217,0,219,0,219,0,219,2,217,194,23,2,0,219
820841920,0,288,0,288,0,288,0,288,0,288,0,288,250,35,2,1,288
820841921,0,268,1,267,0,268,0,268,0,268,1,267,239,23,4,2,268
820841922,2,116,1,117,0,118,3,115,0,118,6,112,103,10,4,1,118
820841923,0,233,13,220,0,233,1,232,0,233,14,219,195,36,2,0,233
820841924,0,277,1,276,0,277,0,277,1,276,2,275,255,20,0,2,277
820841925,0,279,4,275,0,279,1,278,0,279,5,274,233,34,10,2,279
820841926,1,380,5,376,1,380,1,380,0,381,7,374,334,40,5,2,381
820841927,0,246,0,246,0,246,0,246,0,246,0,246,222,20,4,0,246
820841928,0,178,3,175,1,177,0,178,0,178,4,174,147,27,3,1,178
820841929,0,234,0,234,1,233,0,234,0,234,1,233,209,21,3,1,234
820841930,2,306,17,291,0,308,4,304,1,307,22,286,248,56,3,1,308
820842001,5,144,0,149,0,149,4,145,0,149,9,140,131,15,3,0,149
820842002,2,142,1,143,0,144,1,143,0,144,3,141,123,18,2,1,144
820842003,2,526,1,527,4,524,5,523,0,528,12,516,466,48,13,1,528
820842004,2,279,3,278,0,281,3,278,0,281,7,274,246,30,4,1,281
820842005,1,362,4,359,0,363,3,360,0,363,7,356,293,68,1,1,363
820842006,0,284,1,283,0,284,3,281,0,284,4,280,246,33,5,0,284
820842007,0,348,2,346,0,348,0,348,0,348,2,346,300,33,11,4,348
820842008,2,267,6,263,0,269,3,266,0,269,11,258,227,41,1,0,269
820842009,2,361,0,363,0,363,2,361,0,363,3,360,312,44,7,0,363
820842010,0,263,1,262,0,263,1,262,0,263,2,261,224,31,6,2,263
820842011,0,294,1,293,0,294,1,293,0,294,2,292,248,44,1,1,294
820842012,1,308,9,300,0,309,1,308,0,309,11,298,262,44,2,1,309
820842013,0,359,0,359,0,359,0,359,2,357,2,357,324,26,7,2,359
820842014,0,320,5,315,0,320,2,318,0,320,7,313,275,41,4,0,320
820842015,0,184,0,184,0,184,0,184,0,184,0,184,158,23,3,0,184
820842016,2,162,3,161,0,164,0,164,0,164,5,159,155,6,2,1,164
820842017,0,134,5,129,0,134,1,133,0,134,6,128,116,13,5,0,134
820842018,0,280,5,275,0,280,3,277,0,280,8,272,248,29,3,0,280
820842019,0,234,0,234,0,234,2,232,0,234,2,232,194,35,2,3,234
820842101,0,289,0,289,0,289,0,289,1,288,1,288,271,13,5,0,289
820842102,0,163,0,163,0,163,0,163,0,163,0,163,142,21,0,0,163
820842103,0,388,12,376,0,388,1,387,0,388,13,375,344,38,5,1,388
820842104,0,490,1,489,0,490,2,488,0,490,3,487,436,42,9,3,490
820842105,0,265,0,265,0,265,0,265,1,264,1,264,246,15,3,1,265
820842106,0,50,0,50,0,50,0,50,0,50,0,50,45,3,2,0,50
820842107,1,161,1,161,0,162,1,161,0,162,3,159,152,4,5,1,162
820842108,1,430,1,430,0,431,2,429,0,431,4,427,386,40,3,2,431
820842109,1,331,1,331,0,332,1,331,1,331,3,329,289,38,5,0,332
820842110,0,288,0,288,0,288,2,286,0,288,2,286,256,29,3,0,288
820842111,1,249,32,218,0,250,0,250,1,249,32,218,214,30,4,2,250
820842112,0,186,0,186,0,186,0,186,0,186,0,186,164,20,2,0,186
820842113,0,102,1,101,0,102,0,102,0,102,1,101,86,13,3,0,102
820842114,1,484,1,484,1,484,0,485,2,483,4,481,436,37,12,0,485
820842115,0,215,0,215,0,215,1,214,0,215,1,214,201,12,2,0,215
820842116,1,137,0,138,0,138,2,136,0,138,3,135,129,6,3,0,138
820842117,1,219,0,220,0,220,0,220,0,220,1,219,184,32,4,0,220
820842118,0,172,23,149,0,172,1,171,0,172,24,148,161,9,1,1,172
820842119,1,244,8,237,0,245,1,244,0,245,9,236,210,30,4,1,245
820842120,0,188,1,187,0,188,0,188,0,188,1,187,159,25,3,1,188
820842121,1,235,0,236,0,236,0,236,0,236,1,235,213,18,1,4,236
820842201,0,300,2,298,0,300,0,300,0,300,2,298,262,32,5,1,300
820842202,1,293,34,260,0,294,0,294,0,294,34,260,262,25,5,2,294
820842203,0,250,0,250,0,250,1,249,0,250,1,249,219,28,3,0,250
820842204,0,3,0,3,0,3,0,3,0,3,0,3,3,0,0,0,3
820842205,3,379,0,382,0,382,2,380,0,382,5,377,344,28,10,0,382
820842206,2,393,2,393,0,395,3,392,0,395,7,388,345,35,12,3,395
820842207,1,195,1,195,0,196,0,196,0,196,2,194,177,17,2,0,196
820842208,0,367,2,365,0,367,0,367,0,367,2,365,333,30,4,0,367
820842209,0,356,10,346,0,356,0,356,1,355,11,345,296,45,7,8,356
820842210,0,428,4,424,0,428,0,428,0,428,4,424,380,41,6,1,428
820842211,0,209,0,209,0,209,1,208,0,209,1,208,194,15,0,0,209
820842212,1,470,1,470,0,471,1,470,0,471,3,468,434,31,3,3,471
820842213,0,259,1,258,0,259,0,259,0,259,1,258,230,27,1,1,259
820842214,1,232,7,226,0,233,0,233,0,233,8,225,197,31,4,1,233
820842215,0,215,1,214,0,215,0,215,0,215,1,214,198,16,0,1,215
820842216,1,163,2,162,0,164,0,164,0,164,3,161,138,20,4,2,164
820842301,1,349,27,323,0,350,0,350,0,350,27,323,309,34,7,0,350
820842302,0,299,0,299,0,299,0,299,0,299,0,299,262,28,6,3,299
820842303,0,366,1,365,0,366,0,366,0,366,1,365,324,38,4,0,366
820842304,2,295,3,294,2,295,0,297,0,297,6,291,257,28,8,4,297
820842305,0,345,0,345,0,345,1,344,0,345,1,344,319,25,1,0,345
820842306,1,258,0,259,0,259,0,259,0,259,1,258,228,24,3,4,259
820842307,1,475,0,476,0,476,3,473,0,476,4,472,417,50,9,0,476
820842308,2,425,2,425,0,427,1,426,0,427,5,422,371,47,6,3,427
820842309,1,228,21,208,0,229,0,229,0,229,22,207,198,29,1,1,229
820842310,1,286,9,278,0,287,1,286,0,287,11,276,242,42,1,2,287
820842311,2,274,4,272,0,276,1,275,0,276,7,269,244,30,2,0,276
820842312,2,480,3,479,0,482,1,481,0,482,6,476,416,54,8,4,482
820842313,1,421,1,421,0,422,1,421,0,422,3,419,370,47,3,2,422
820842314,2,453,0,455,0,455,0,455,1,454,3,452,384,58,6,7,455
820842315,0,323,7,316,0,323,1,322,0,323,8,315,284,33,5,1,323
820842316,3,328,3,328,0,331,1,330,0,331,7,324,302,22,6,1,331
820842317,3,223,7,219,0,226,3,223,0,226,12,214,196,22,6,2,226
820842318,4,287,15,276,0,291,4,287,1,290,22,269,240,42,7,2,291
820842319,0,271,2,269,0,271,1,270,0,271,3,268,238,28,5,0,271
820842320,0,273,0,273,0,273,0,273,0,273,0,273,258,13,2,0,273
820842321,1,247,1,247,0,248,0,248,0,248,2,246,230,16,0,2,248
820842322,0,326,2,324,0,326,1,325,1,325,4,322,295,28,3,0,326
820842323,4,318,35,287,1,321,7,315,0,322,45,277,270,44,6,2,322
820842324,0,240,1,239,1,239,0,240,0,240,2,238,219,16,4,1,240
820842325,3,247,14,236,0,250,1,249,1,249,18,232,205,41,2,2,250
820842326,2,181,19,164,0,183,7,176,1,182,28,155,139,41,2,1,183
820842401,0,280,0,280,0,280,0,280,0,280,0,280,248,30,1,1,280
820842402,1,391,0,392,0,392,0,392,0,392,1,391,355,35,1,1,392
820842403,0,216,13,203,0,216,0,216,0,216,13,203,199,15,2,0,216
820842404,1,200,10,191,0,201,0,201,0,201,11,190,171,28,1,1,201
820842405,1,379,9,371,1,379,1,379,0,380,12,368,316,53,11,0,380
820842406,0,372,1,371,0,372,1,371,0,372,2,370,335,34,3,0,372
820842407,1,245,1,245,0,246,0,246,0,246,2,244,224,18,2,2,246
820842408,0,274,0,274,0,274,0,274,0,274,0,274,252,17,3,2,274
820842409,0,579,2,577,0,579,1,578,0,579,3,576,508,58,11,2,579
820842410,0,195,0,195,0,195,0,195,0,195,0,195,177,16,1,1,195
820842411,1,246,1,246,0,247,1,246,0,247,3,244,220,21,5,1,247
820842412,0,378,14,364,0,378,2,376,0,378,16,362,343,24,6,5,378
820842413,0,195,1,194,0,195,1,194,0,195,2,193,178,16,1,0,195
820842414,0,225,2,223,0,225,0,225,0,225,2,223,208,13,4,0,225
820842415,0,335,7,328,4,331,1,334,0,335,12,323,280,22,21,12,335
820842416,1,359,3,357,0,360,0,360,1,359,5,355,326,20,9,5,360
820842417,1,220,1,220,0,221,3,218,1,220,6,215,193,22,2,4,221
820842418,4,307,1,310,0,311,1,310,0,311,6,305,246,55,8,2,311
820842419,0,256,1,255,0,256,0,256,0,256,1,255,222,14,16,4,256
820842420,2,282,0,284,0,284,4,280,1,283,7,277,253,26,4,1,284
820842421,1,153,1,153,0,154,0,154,0,154,1,153,137,13,0,4,154
820842422,0,124,1,123,0,124,0,124,0,124,1,123,106,18,0,0,124
820842423,0,258,18,240,0,258,1,257,0,258,19,239,217,24,11,6,258
820842501,0,285,0,285,0,285,1,284,0,285,1,284,253,24,6,2,285
820842502,1,256,1,256,0,257,1,256,1,256,4,253,222,31,2,2,257
820842503,0,203,1,202,0,203,0,203,0,203,1,202,186,14,3,0,203
820842504,0,125,0,125,0,125,0,125,0,125,0,125,106,15,3,1,125
820842505,1,273,1,273,0,274,0,274,0,274,2,272,252,19,2,1,274
820842506,1,335,4,332,1,335,0,336,0,336,6,330,283,36,11,6,336
820842507,0,298,1,297,0,298,1,297,0,298,2,296,269,26,2,1,298
820842508,0,341,20,321,6,335,2,339,0,341,23,318,268,54,17,2,341
820842509,0,350,10,340,0,350,4,346,1,349,15,335,286,59,3,2,350
820842510,0,163,0,163,0,163,0,163,0,163,0,163,129,31,3,0,163
820842511,3,259,22,240,0,262,3,259,0,262,23,239,214,27,13,8,262
820842512,0,503,2,501,0,503,1,502,0,503,3,500,416,81,6,0,503
820842513,0,302,3,299,0,302,2,300,0,302,5,297,265,33,2,2,302
820842514,0,105,1,104,0,105,2,103,0,105,3,102,86,17,1,1,105
820842515,1,253,0,254,1,253,3,251,0,254,5,249,200,34,12,8,254
820842516,0,89,3,86,0,89,1,88,0,89,4,85,70,16,2,1,89
820842601,2,355,21,336,0,357,1,356,0,357,23,334,312,40,4,1,357
820842602,1,343,50,294,0,344,0,344,0,344,51,293,313,24,5,2,344
820842603,6,396,6,396,14,388,6,396,0,402,30,372,309,58,21,14,402
820842604,0,156,1,155,0,156,1,155,0,156,2,154,130,23,2,1,156
820842605,2,296,1,297,0,298,2,296,0,298,5,293,253,39,1,5,298
820842606,0,377,1,376,0,377,2,375,1,376,4,373,330,40,6,1,377
820842607,1,228,6,223,0,229,1,228,0,229,8,221,186,38,5,0,229
820842608,2,381,1,382,0,383,1,382,1,382,5,378,280,40,43,20,383
820842609,2,200,1,201,0,202,2,200,0,202,4,198,169,28,3,2,202
820842610,0,437,1,436,0,437,0,437,0,437,1,436,375,51,8,3,437
820842611,2,345,2,345,0,347,3,344,0,347,7,340,268,74,3,2,347
820842612,1,238,1,238,0,239,0,239,0,239,2,237,210,24,5,0,239
820842613,1,301,1,301,0,302,3,299,0,302,5,297,248,49,3,2,302
820842614,2,298,0,300,0,300,0,300,0,300,2,298,254,39,5,2,300
820842615,2,281,10,273,0,283,0,283,0,283,12,271,233,25,18,7,283
820842616,0,198,0,198,0,198,1,197,0,198,1,197,168,26,4,0,198
820842617,0,318,1,317,0,318,1,317,0,318,2,316,260,50,6,2,318
820842618,4,343,13,334,0,347,3,344,0,347,18,329,296,47,3,1,347
820842619,1,214,3,212,0,215,0,215,1,214,5,210,184,28,2,1,215
820842620,1,301,2,300,0,302,1,301,2,300,6,296,238,57,6,1,302
820842621,1,314,11,304,0,315,2,313,0,315,14,301,255,51,5,4,315
820842622,3,452,9,446,0,455,8,447,2,453,19,436,346,57,30,22,455
820842623,2,286,4,284,0,288,3,285,1,287,10,278,245,34,7,2,288
820842624,0,306,2,304,0,306,3,303,0,306,5,301,264,37,3,2,306
820842625,1,191,1,191,0,192,3,189,0,192,5,187,163,24,3,2,192
820842626,6,284,0,290,0,290,0,290,2,288,7,283,214,26,24,26,290
820842627,0,162,4,158,0,162,1,161,0,162,5,157,130,22,9,1,162
820842628,2,137,3,136,0,139,1,138,0,139,6,133,120,14,4,1,139
820842629,1,284,1,284,0,285,2,283,0,285,4,281,251,33,1,0,285
820842630,1,196,1,196,0,197,0,197,0,197,2,195,147,47,2,1,197
820842701,3,293,16,280,0,296,5,291,1,295,22,274,250,46,0,0,296
820842702,1,317,0,318,0,318,0,318,0,318,1,317,272,42,3,1,318
820842703,0,180,3,177,0,180,0,180,0,180,3,177,156,23,0,1,180
820842704,1,241,2,240,0,242,0,242,0,242,3,239,216,23,2,1,242
820842705,0,205,0,205,0,205,0,205,0,205,0,205,176,27,2,0,205
820842706,1,182,28,155,1,182,0,183,0,183,29,154,166,15,2,0,183
820842707,1,360,7,354,0,361,0,361,1,360,9,352,324,28,6,3,361
820842708,0,322,0,322,0,322,0,322,0,322,0,322,282,36,3,1,322
820842709,1,133,1,133,0,134,0,134,0,134,2,132,114,17,2,1,134
820842710,1,179,2,178,1,179,0,180,0,180,4,176,167,12,0,1,180
820842711,3,190,6,187,0,193,1,192,1,192,10,183,161,31,1,0,193
820842712,0,242,0,242,0,242,1,241,0,242,1,241,205,31,6,0,242
820842713,4,265,3,266,0,269,6,263,1,268,13,256,217,50,2,0,269
820842714,2,176,4,174,0,178,5,173,1,177,11,167,147,30,1,0,178
820842715,0,234,1,233,3,231,0,234,0,234,4,230,203,22,9,0,234
820842716,1,168,3,166,0,169,4,165,1,168,7,162,149,19,0,1,169
820842717,0,140,1,139,0,140,0,140,0,140,1,139,124,15,1,0,140
820842718,0,188,2,186,0,188,0,188,0,188,2,186,175,11,1,1,188
820842719,0,224,10,214,0,224,0,224,0,224,10,214,198,23,3,0,224
820842720,1,256,7,250,0,257,0,257,0,257,7,250,202,49,5,1,257
820842721,0,298,1,297,0,298,0,298,0,298,1,297,253,41,2,2,298
820842722,2,262,1,263,0,264,0,264,0,264,3,261,222,35,5,2,264
820842723,2,261,9,254,0,263,2,261,0,263,11,252,217,43,2,1,263
820842724,0,208,1,207,0,208,1,207,0,208,2,206,166,33,6,3,208
820842725,0,123,0,123,0,123,3,120,0,123,3,120,109,12,2,0,123
820842726,1,153,0,154,0,154,0,154,0,154,1,153,142,9,1,2,154
820842727,0,180,2,178,0,180,0,180,0,180,2,178,164,14,1,1,180
820842728,0,124,0,124,0,124,0,124,0,124,0,124,113,11,0,0,124
820842729,0,208,2,206,0,208,2,206,0,208,4,204,175,25,4,4,208
820842730,2,140,9,133,0,142,3,139,0,142,12,130,107,34,0,1,142
820842731,0,137,0,137,0,137,0,137,0,137,0,137,118,16,2,1,137
820842801,0,196,1,195,0,196,0,196,0,196,1,195,172,22,2,0,196
820842802,0,143,0,143,0,143,0,143,0,143,0,143,128,14,0,1,143
820842803,2,373,2,373,0,375,0,375,0,375,4,371,318,51,3,3,375
820842804,6,339,8,337,0,345,4,341,2,343,19,326,260,75,5,5,345
820842805,0,132,0,132,0,132,0,132,0,132,0,132,118,13,1,0,132
820842806,0,37,0,37,0,37,0,37,0,37,0,37,32,3,2,0,37
820842807,0,435,3,432,1,434,1,434,2,433,7,428,388,36,9,2,435
820842808,1,141,2,140,0,142,1,141,0,142,4,138,117,25,0,0,142
820842809,0,342,0,342,0,342,1,341,0,342,1,341,306,33,3,0,342
820842810,0,255,1,254,0,255,0,255,0,255,1,254,231,22,1,1,255
820842811,1,333,0,334,0,334,0,334,0,334,1,333,284,39,9,2,334
820842812,2,267,0,269,0,269,0,269,0,269,2,267,250,18,0,1,269
820842813,0,299,0,299,0,299,0,299,0,299,0,299,264,35,0,0,299
820842814,0,272,0,272,0,272,1,271,0,272,1,271,228,40,3,1,272
820842815,0,285,9,276,0,285,2,283,0,285,11,274,232,51,2,0,285
820842816,0,152,1,151,0,152,0,152,0,152,1,151,142,10,0,0,152
820842817,0,259,0,259,0,259,0,259,0,259,0,259,233,22,2,2,259
820842818,0,243,0,243,0,243,0,243,0,243,0,243,211,26,5,1,243
820842819,0,193,0,193,0,193,0,193,0,193,0,193,165,25,3,0,193
820842820,0,344,1,343,0,344,1,343,0,344,2,342,304,34,5,1,344
820842821,1,266,2,265,0,267,2,265,0,267,5,262,223,39,4,1,267
820842822,0,272,1,271,0,272,0,272,0,272,1,271,231,37,4,0,272
820842823,0,216,2,214,0,216,0,216,0,216,2,214,188,20,5,3,216
820842824,0,176,0,176,0,176,0,176,0,176,0,176,163,10,2,1,176
820842825,6,360,1,365,4,362,3,363,2,364,13,353,304,54,6,2,366
820842826,3,302,1,304,0,305,0,305,1,304,4,301,265,34,3,3,305
820842827,0,183,1,182,1,182,0,183,0,183,2,181,156,17,9,1,183
820842828,1,275,2,274,0,276,0,276,0,276,3,273,222,45,8,1,276
820842829,0,298,1,297,0,298,0,298,1,297,2,296,261,37,0,0,298
820842830,4,188,0,192,0,192,0,192,0,192,4,188,159,18,11,4,192
820842831,0,225,2,223,0,225,0,225,0,225,2,223,192,31,1,1,225
820842832,0,183,0,183,0,183,0,183,0,183,0,183,153,25,3,2,183
820842833,0,270,4,266,0,270,0,270,1,269,5,265,226,39,4,1,270
820842834,0,225,3,222,0,225,0,225,0,225,3,222,202,23,0,0,225
820842901,1,339,0,340,0,340,1,339,0,340,2,338,280,56,3,1,340
820842902,0,252,0,252,0,252,3,249,0,252,3,249,204,42,2,4,252
820842903,0,226,0,226,0,226,0,226,1,225,1,225,198,24,1,3,226
820842904,1,171,1,171,0,172,0,172,0,172,2,170,136,34,2,0,172
820842905,0,212,1,211,0,212,0,212,0,212,1,211,175,31,2,4,212
820842906,0,290,1,289,0,290,0,290,0,290,1,289,230,54,4,2,290
820842907,0,174,2,172,0,174,0,174,0,174,2,172,138,35,1,0,174
820842908,0,168,0,168,0,168,2,166,0,168,2,166,142,23,2,1,168
820842909,0,152,4,148,0,152,2,150,0,152,6,146,125,25,1,1,152
820842910,3,222,8,217,0,225,1,224,0,225,11,214,181,38,5,1,225
820842911,0,163,0,163,0,163,0,163,0,163,0,163,145,14,2,2,163
820842912,0,185,0,185,0,185,0,185,0,185,0,185,161,21,3,0,185
820842913,0,390,0,390,1,389,0,390,0,390,1,389,335,46,7,2,390
820842914,1,369,0,370,0,370,3,367,1,369,4,366,315,50,5,0,370
820842915,0,301,6,295,0,301,1,300,1,300,8,293,244,51,2,4,301
820842916,0,216,1,215,0,216,0,216,0,216,1,215,161,46,6,3,216
820842917,0,343,5,338,0,343,0,343,0,343,5,338,305,30,6,2,343
820842918,0,262,1,261,0,262,0,262,0,262,1,261,229,31,2,0,262
820842919,0,287,8,279,0,287,0,287,1,286,9,278,256,25,4,2,287
820842920,1,251,2,250,0,252,0,252,0,252,3,249,213,35,3,1,252
820842921,4,208,0,212,1,211,2,210,0,212,7,205,176,35,0,1,212
820842922,0,243,1,242,0,243,0,243,0,243,1,242,210,31,2,0,243
820842923,0,319,0,319,0,319,3,316,0,319,3,316,273,42,4,0,319
820842924,6,259,12,253,25,240,4,261,0,265,34,231,209,30,22,4,265
820842925,0,244,3,241,0,244,0,244,0,244,3,241,187,51,4,2,244
820842926,1,206,1,206,0,207,0,207,0,207,2,205,185,21,1,0,207
820842927,0,314,11,303,0,314,1,313,0,314,12,302,253,53,5,3,314
820842928,8,287,1,294,7,288,4,291,1,294,18,277,252,29,6,8,295
820842929,0,192,0,192,0,192,0,192,0,192,0,192,165,27,0,0,192
820842930,0,195,0,195,0,195,0,195,0,195,0,195,172,22,1,0,195
820842931,0,313,3,310,0,313,0,313,0,313,3,310,277,34,1,1,313
820842932,1,170,1,170,0,171,2,169,0,171,4,167,134,34,2,1,171
820842933,0,169,0,169,1,168,1,168,0,169,2,167,129,36,3,1,169
820842934,0,161,9,152,0,161,0,161,0,161,9,152,138,20,2,1,161
820842935,1,214,0,215,0,215,0,215,0,215,1,214,175,39,0,1,215
820842936,2,231,2,231,0,233,0,233,0,233,4,229,194,33,4,2,233
820842937,0,163,0,163,0,163,0,163,0,163,0,163,131,26,4,2,163
820842938,1,283,6,278,0,284,0,284,0,284,7,277,248,32,2,2,284
820842939,0,279,1,278,0,279,0,279,0,279,1,278,231,43,2,3,279
820842940,7,285,0,292,0,292,8,284,3,289,16,276,238,52,1,1,292
820842941,0,218,2,216,0,218,0,218,0,218,2,216,187,29,0,2,218
820842942,0,170,1,169,0,170,0,170,0,170,1,169,153,16,1,0,170
820842943,0,177,3,174,0,177,0,177,0,177,3,174,147,27,3,0,177
820842944,4,173,0,177,6,171,3,174,0,177,9,168,141,28,5,3,177
820842945,0,185,1,184,0,185,0,185,0,185,1,184,163,20,2,0,185
820842946,2,207,7,202,0,209,2,207,0,209,9,200,182,26,1,0,209
820843001,2,278,8,272,0,280,1,279,0,280,11,269,201,46,25,8,280
820843002,6,235,6,235,0,241,3,238,1,240,16,225,176,43,10,12,241
820843003,6,270,8,268,5,271,3,273,2,274,24,252,108,35,82,51,276
820843004,4,217,3,218,0,221,1,220,0,221,8,213,161,46,8,6,221
820843005,4,227,1,230,0,231,0,231,2,229,7,224,150,57,17,7,231
820843006,9,284,5,288,3,290,1,292,1,292,18,275,181,51,42,19,293
820843007,9,276,12,273,3,282,1,284,2,283,24,261,159,61,38,27,285
820843008,5,316,7,314,0,321,2,319,2,319,16,305,229,57,23,12,321
820843009,8,222,2,228,0,230,3,227,1,229,13,217,149,49,21,11,230
820843010,8,314,3,319,3,319,3,319,3,319,18,304,208,86,18,10,322
820843011,2,238,1,239,0,240,0,240,1,239,4,236,159,55,13,13,240
820843012,3,322,3,322,1,324,1,324,4,321,12,313,226,63,23,13,325
820843013,7,265,4,268,2,270,2,270,0,272,15,257,161,47,38,26,272
820843014,9,196,3,202,0,205,3,202,0,205,14,191,121,28,33,23,205
820843015,6,285,5,286,0,291,5,286,2,289,15,276,168,49,45,29,291
820843016,4,212,0,216,0,216,1,215,0,216,4,212,149,45,13,9,216
820843017,6,161,3,164,0,167,0,167,1,166,10,157,91,32,23,21,167
820843018,15,380,4,391,4,391,5,390,3,392,28,367,221,90,44,40,395
820843019,2,185,3,184,0,187,2,185,0,187,7,180,136,34,11,6,187
820843020,15,299,13,301,1,313,12,302,4,310,39,275,94,36,90,94,314
820843101,2,191,0,193,0,193,1,192,0,193,3,190,158,25,5,5,193
820843102,1,308,0,309,0,309,1,308,0,309,2,307,250,41,10,8,309
820843103,0,272,0,272,0,272,0,272,1,271,1,271,238,24,7,3,272
820843104,1,321,7,315,0,322,6,316,0,322,14,308,261,48,11,2,322
820843105,3,164,1,166,0,167,0,167,0,167,4,163,126,27,12,2,167
820843106,1,299,2,298,2,298,2,298,0,300,6,294,254,30,11,5,300
820843107,0,190,0,190,0,190,1,189,2,188,3,187,164,19,4,3,190
820843108,4,323,9,318,2,325,2,325,1,326,17,310,242,46,20,19,327
820843109,0,216,0,216,0,216,0,216,0,216,0,216,186,28,1,1,216
820843110,5,308,11,302,0,313,3,310,0,313,16,297,253,38,16,6,313
820843111,1,305,2,304,0,306,1,305,0,306,4,302,253,35,10,8,306
820843112,22,330,6,346,0,352,8,344,2,350,33,319,283,42,16,11,352
820843113,2,342,2,342,1,343,1,343,0,344,5,339,290,44,4,6,344
820843114,0,278,2,276,0,278,1,277,0,278,3,275,236,30,8,4,278
820843115,2,254,1,255,0,256,1,255,0,256,4,252,214,33,4,5,256
820843116,9,399,8,400,3,405,2,406,1,407,19,389,301,49,33,25,408
820843117,1,310,6,305,0,311,2,309,0,311,8,303,261,42,7,1,311
820843118,1,291,2,290,0,292,0,292,0,292,3,289,255,28,5,4,292
820843119,1,338,5,334,0,339,0,339,0,339,6,333,299,24,14,2,339
820843120,1,245,1,245,0,246,2,244,0,246,4,242,205,30,8,3,246
820843121,2,304,6,300,0,306,1,305,0,306,9,297,256,42,5,3,306
820843122,0,212,2,210,1,211,2,210,1,211,6,206,162,33,10,7,212
820843201,1,180,0,181,2,179,2,179,1,180,5,176,129,38,7,7,181
820843202,7,345,8,344,0,352,0,352,1,351,15,337,266,61,14,11,352
820843203,3,363,1,365,1,365,2,364,0,366,7,359,298,47,14,7,366
820843204,2,348,1,349,0,350,0,350,0,350,3,347,285,55,10,0,350
820843205,3,335,5,333,0,338,1,337,0,338,9,329,257,59,15,7,338
820843206,2,174,2,174,0,176,1,175,1,175,6,170,105,38,17,16,176
820843207,14,363,8,369,2,375,1,376,0,377,23,354,224,83,44,26,377
820843208,7,194,6,195,0,201,0,201,0,201,12,189,134,35,24,8,201
820843209,5,287,1,291,2,290,1,291,2,290,11,281,168,62,33,29,292
820843210,25,350,13,362,3,372,6,369,6,369,45,330,134,59,100,82,375
820843211,6,323,5,324,0,329,0,329,0,329,10,319,233,54,27,15,329
820843212,4,198,1,201,1,201,0,202,3,199,7,195,118,45,22,17,202
820843213,4,215,4,215,1,218,0,219,0,219,8,211,143,35,25,16,219
820843214,6,283,2,287,0,289,2,287,3,286,11,278,180,61,31,17,289
820843215,6,352,9,349,2,356,2,356,3,355,21,337,196,61,60,41,358
820843216,5,247,4,248,1,251,1,251,0,252,11,241,176,50,19,7,252
820843217,10,196,4,202,0,206,0,206,0,206,13,193,104,52,25,25,206
820843218,5,212,1,216,0,217,2,215,0,217,8,209,151,46,11,9,217
820843219,7,212,7,212,0,219,2,217,1,218,17,202,127,40,24,28,219
820843220,4,181,3,182,2,183,0,185,0,185,9,176,95,40,35,15,185
820843221,9,187,6,190,0,196,4,192,1,195,19,177,93,38,33,32,196
820843222,4,201,2,203,2,203,6,199,4,201,16,189,75,49,37,44,205
820843223,9,219,3,225,0,228,2,226,0,228,12,216,118,41,37,32,228
820843301,14,198,4,208,5,207,0,212,5,207,25,187,64,28,54,66,212
820843302,10,337,9,338,0,347,3,344,0,347,22,325,182,67,55,43,347
820843303,16,233,4,245,0,249,3,246,2,247,23,226,89,45,56,59,249
820843304,7,310,6,311,2,315,4,313,1,316,20,297,196,61,36,24,317
820843305,6,264,6,264,1,269,1,269,0,270,13,257,170,48,33,19,270
820843306,11,376,6,381,2,385,2,385,1,386,21,366,251,72,36,28,387
820843307,12,335,10,337,2,345,1,346,4,343,28,319,175,57,58,57,347
820843308,3,258,4,257,1,260,1,260,0,261,9,252,186,51,14,10,261
820843309,4,178,5,177,1,181,5,177,1,181,13,169,107,37,21,17,182
820843310,3,212,4,211,6,209,0,215,2,213,15,200,137,43,19,16,215
820843311,16,401,12,405,0,417,3,414,1,416,31,386,204,84,78,51,417
820843312,4,195,3,196,0,199,1,198,2,197,9,190,145,18,22,14,199
820843313,6,281,1,286,2,285,0,287,2,285,11,276,170,81,19,17,287
820843314,9,396,8,397,0,405,3,402,1,404,19,386,194,92,72,47,405
820843315,12,130,18,124,7,135,2,140,1,141,32,110,21,6,55,60,142
820843316,10,206,7,209,0,216,3,213,1,215,19,197,109,34,41,32,216
820843317,8,191,5,194,0,199,0,199,3,196,14,185,43,17,76,63,199
820843318,5,230,1,234,10,225,2,233,1,234,19,216,72,27,83,53,235
820843319,6,320,2,324,1,325,1,325,2,324,10,316,234,53,26,13,326
820843320,18,263,11,270,10,271,14,267,2,279,50,231,85,55,61,80,281
820843321,3,225,6,222,0,228,1,227,1,227,11,217,113,53,33,29,228
820843322,10,192,5,197,1,201,1,201,2,200,17,185,109,44,24,25,202
820843323,9,243,10,242,1,251,10,242,4,248,29,223,102,42,45,63,252
820843324,5,195,1,199,0,200,2,198,0,200,8,192,128,41,12,19,200
820843325,4,183,0,187,0,187,0,187,0,187,4,183,123,39,15,10,187
820843326,6,197,1,202,0,203,2,201,0,203,9,194,149,32,15,7,203
820843327,3,193,1,195,2,194,0,196,1,195,6,190,94,35,38,29,196
820843328,5,209,4,210,0,214,0,214,1,213,10,204,134,31,30,19,214
820843329,3,200,4,199,4,199,0,203,1,202,12,191,89,32,51,31,203
820843330,36,230,13,253,11,255,6,260,7,259,58,208,17,13,90,146,266
820843331,6,152,1,157,0,158,1,157,2,156,10,148,67,43,29,19,158
820843332,19,239,6,252,10,248,4,254,3,255,38,220,78,43,48,89,258
820843333,14,315,9,320,3,326,1,328,3,326,27,302,95,52,110,72,329
820843334,23,247,4,266,6,264,1,269,3,267,33,237,55,38,88,89,270
820843335,17,294,9,302,5,306,13,298,3,308,42,269,68,48,89,106,311
820843336,11,218,4,225,3,226,5,224,4,225,26,203,45,34,77,73,229
820843337,10,213,3,220,1,222,1,222,4,219,14,209,110,30,53,30,223
820843401,11,220,8,223,4,227,2,229,2,229,24,207,103,34,63,31,231
820843402,17,227,5,239,7,237,3,241,6,238,34,210,80,36,57,71,244
820843403,3,201,2,202,0,204,0,204,2,202,7,197,153,29,16,6,204
820843404,9,223,8,224,2,230,5,227,2,230,25,207,79,36,76,41,232
820843405,1,244,3,242,0,245,0,245,1,244,5,240,201,36,7,1,245
820843406,2,213,1,214,3,212,0,215,1,214,7,208,178,28,5,4,215
820843407,2,317,4,315,0,319,2,317,1,318,6,313,268,41,9,1,319
820843408,1,215,1,215,0,216,0,216,0,216,2,214,179,30,5,2,216
820843409,2,237,0,239,0,239,0,239,0,239,2,237,195,38,5,1,239
820843410,1,198,0,199,0,199,1,198,0,199,2,197,165,26,7,1,199
820843411,0,235,0,235,0,235,0,235,1,234,1,234,193,30,8,4,235
820843412,2,296,0,298,0,298,0,298,0,298,2,296,251,37,9,1,298
820843413,10,196,20,186,9,197,4,202,1,205,28,178,151,18,27,10,206
820843414,14,334,10,338,6,342,9,339,3,345,36,312,238,47,47,16,348
820843415,8,327,11,324,3,332,2,333,4,331,27,308,179,46,62,48,335
820843416,28,342,20,350,2,368,22,348,13,357,74,296,132,101,69,68,370
820843417,3,254,0,257,12,245,10,247,5,252,28,229,169,66,18,4,257
820843418,6,208,7,207,0,214,6,208,2,212,19,195,168,33,11,2,214
820843419,15,240,4,251,3,252,12,243,4,251,35,220,71,28,88,68,255
820843420,21,181,5,197,5,197,3,199,4,198,29,173,74,18,56,54,202
820843421,23,315,8,330,2,336,15,323,8,330,53,285,113,75,87,63,338
820843422,11,170,6,175,0,181,3,178,3,178,20,161,131,31,11,8,181
820843423,2,189,5,186,0,191,1,190,1,190,9,182,134,38,13,6,191
820843424,7,200,11,196,0,207,1,206,1,206,18,189,163,32,7,5,207
820843425,1,178,12,167,0,179,3,176,0,179,14,165,152,19,6,2,179
820843426,9,256,20,245,6,259,1,264,2,263,32,233,157,52,31,25,265
820843427,3,191,0,194,0,194,0,194,0,194,3,191,158,25,10,1,194
820843501,20,330,10,340,4,346,8,342,4,346,40,310,154,55,68,73,350
820843502,6,182,5,183,2,186,4,184,2,186,18,170,101,28,29,30,188
820843503,5,294,12,287,2,297,7,292,1,298,26,273,246,39,9,5,299
820843504,1,357,4,354,0,358,1,357,0,358,6,352,288,44,18,8,358
820843505,5,275,21,259,0,280,2,278,0,280,24,256,241,32,5,2,280
820843506,3,330,3,330,0,333,6,327,1,332,11,322,266,40,18,9,333
820843507,0,204,1,203,0,204,0,204,0,204,1,203,174,22,8,0,204
820843508,8,246,7,247,1,253,1,253,4,250,21,233,107,32,77,38,254
820843509,5,219,6,218,0,224,2,222,0,224,12,212,161,39,11,13,224
820843510,15,247,4,258,1,261,11,251,4,258,32,230,92,37,62,71,262
820843511,19,258,13,264,4,273,1,276,3,274,36,241,92,31,70,84,277
820843512,8,275,9,274,0,283,6,277,3,280,22,261,147,69,42,25,283
820843513,7,300,10,297,0,307,6,301,3,304,24,283,131,61,59,56,307
820843514,19,204,34,189,3,220,4,219,2,221,50,173,93,40,47,43,223
820843515,5,221,2,224,1,225,3,223,1,225,11,215,166,39,14,7,226
820843516,22,196,32,186,6,212,6,212,4,214,55,163,40,35,53,90,218
820843517,35,275,8,302,7,303,12,298,9,301,62,248,19,7,106,178,310
820843518,4,227,5,226,2,229,3,228,0,231,12,219,155,36,28,12,231
820843519,16,208,15,209,9,215,0,224,0,224,34,190,121,14,45,44,224
820843520,29,308,8,329,11,326,6,331,5,332,53,284,59,42,112,124,337
820843521,3,181,1,183,0,184,1,183,1,183,6,178,127,36,14,7,184
820843522,6,270,6,270,13,263,2,274,2,274,23,253,151,38,56,31,276
820843523,16,142,4,154,5,153,6,152,4,154,29,129,28,11,58,61,158
820843524,39,253,10,282,11,281,19,273,4,288,72,220,17,17,103,155,292
820843601,0,275,1,274,0,275,1,274,1,274,3,272,245,24,4,2,275
820843602,1,296,1,296,0,297,0,297,0,297,2,295,271,18,8,0,297
820843603,0,231,2,229,0,231,1,230,0,231,3,228,204,21,6,0,231
820843604,1,329,3,327,0,330,0,330,1,329,3,327,297,18,11,4,330
820843605,0,173,0,173,0,173,0,173,1,172,1,172,156,12,5,0,173
820843606,1,216,0,217,0,217,1,216,0,217,2,215,203,10,3,1,217
820843607,0,176,1,175,0,176,0,176,0,176,1,175,161,13,0,2,176
820843608,0,172,0,172,0,172,0,172,0,172,0,172,156,13,2,1,172
820843609,0,338,1,337,0,338,0,338,0,338,1,337,310,20,6,2,338
820843610,0,197,0,197,0,197,0,197,0,197,0,197,169,18,7,3,197
820843611,1,158,1,158,0,159,1,158,0,159,3,156,131,15,5,8,159
820843612,1,698,0,699,0,699,2,697,0,699,3,696,568,108,18,5,699
820843613,0,190,1,189,0,190,0,190,0,190,1,189,150,18,15,7,190
820843614,3,253,7,249,0,256,0,256,1,255,11,245,223,27,5,1,256
820843615,3,261,1,263,0,264,2,262,0,264,6,258,208,37,11,8,264
820843616,2,387,2,387,0,389,2,387,0,389,6,383,283,81,16,9,389
820843617,1,182,1,182,0,183,1,182,0,183,3,180,156,20,2,5,183
820843618,0,227,1,226,0,227,0,227,0,227,1,226,175,44,5,3,227
820843619,1,286,2,285,1,286,0,287,0,287,4,283,250,27,7,3,287
820843620,1,179,0,180,0,180,0,180,0,180,1,179,173,4,1,2,180
820843621,1,209,2,208,0,210,0,210,0,210,3,207,188,16,3,3,210
820843622,1,176,2,175,2,175,1,176,0,177,5,172,159,14,4,0,177
820843623,1,190,2,189,0,191,1,190,0,191,4,187,168,17,5,1,191
820843624,0,170,0,170,0,170,0,170,0,170,0,170,142,19,5,4,170
820843701,0,161,0,161,0,161,0,161,0,161,0,161,141,17,2,1,161
820843702,0,324,1,323,1,323,1,323,0,324,3,321,291,29,3,1,324
820843703,1,366,0,367,0,367,0,367,1,366,2,365,329,29,7,2,367
820843704,0,188,0,188,0,188,0,188,0,188,0,188,164,23,1,0,188
820843705,0,222,2,220,0,222,1,221,0,222,3,219,194,23,4,1,222
820843706,1,266,3,264,0,267,1,266,0,267,4,263,236,29,1,1,267
820843707,1,331,9,323,2,330,0,332,0,332,12,320,283,38,8,3,332
820843708,0,202,7,195,1,201,1,201,0,202,9,193,182,18,1,1,202
820843709,0,352,3,349,0,352,0,352,0,352,3,349,308,38,5,1,352
820843710,0,258,1,257,0,258,0,258,0,258,1,257,219,32,3,4,258
820843711,1,331,5,327,0,332,1,331,0,332,7,325,289,32,7,4,332
820843712,0,201,0,201,1,200,0,201,0,201,1,200,177,19,3,2,201
820843713,0,180,0,180,0,180,1,179,0,180,1,179,163,17,0,0,180
820843714,0,195,2,193,0,195,1,194,0,195,3,192,173,20,2,0,195
820843715,1,370,3,368,0,371,0,371,0,371,4,367,316,51,4,0,371
820843716,0,204,0,204,0,204,0,204,0,204,0,204,187,16,1,0,204
820843717,1,193,0,194,0,194,0,194,1,193,2,192,178,14,1,1,194
820843718,0,226,1,225,0,226,0,226,0,226,1,225,206,16,4,0,226
820843719,0,318,0,318,1,317,0,318,0,318,1,317,293,21,4,0,318
820843720,0,249,6,243,0,249,0,249,0,249,6,243,223,26,0,0,249
820843721,0,222,0,222,0,222,0,222,0,222,0,222,196,22,3,1,222
820843722,1,260,1,260,0,261,0,261,0,261,2,259,236,21,2,2,261
820843723,0,161,0,161,0,161,0,161,0,161,0,161,146,13,2,0,161
820843724,0,204,4,200,0,204,0,204,0,204,4,200,180,21,3,0,204
820843725,1,168,0,169,0,169,0,169,0,169,1,168,147,19,3,0,169
820843726,1,155,1,155,0,156,0,156,0,156,2,154,143,13,0,0,156
820843727,2,166,2,166,0,168,0,168,0,168,4,164,152,14,1,1,168
820843728,0,217,0,217,0,217,0,217,0,217,0,217,198,19,0,0,217
820843729,0,194,10,184,0,194,0,194,0,194,10,184,180,13,0,1,194
820843730,0,162,0,162,0,162,0,162,0,162,0,162,145,15,0,2,162
820843801,0,163,1,162,0,163,0,163,0,163,1,162,152,6,5,0,163
820843802,1,237,2,236,0,238,1,237,0,238,4,234,221,16,0,1,238
820843803,0,161,0,161,0,161,0,161,0,161,0,161,145,13,3,0,161
820843804,0,237,1,236,0,237,2,235,0,237,3,234,214,22,1,0,237
820843805,2,293,2,293,1,294,0,295,0,295,5,290,266,26,2,1,295
820843806,0,219,1,218,0,219,0,219,1,218,2,217,193,22,2,2,219
820843807,0,286,1,285,0,286,0,286,0,286,1,285,261,21,3,1,286
820843808,0,217,0,217,0,217,1,216,0,217,1,216,189,26,2,0,217
820843809,0,165,0,165,1,164,1,164,0,165,2,163,146,17,2,0,165
820843810,1,367,4,364,0,368,2,366,0,368,6,362,320,39,5,4,368
820843811,3,379,4,378,0,382,0,382,1,381,8,374,302,36,25,19,382
820843812,2,286,30,258,3,285,3,285,1,287,39,249,175,49,32,32,288
820843813,4,274,3,275,0,278,2,276,2,276,11,267,224,35,10,9,278
820843814,0,354,2,352,0,354,0,354,0,354,2,352,301,39,10,4,354
820843815,1,223,1,223,0,224,0,224,0,224,2,222,195,20,6,3,224
820843816,0,267,1,266,0,267,1,266,0,267,2,265,249,16,2,0,267
820843817,0,252,0,252,0,252,0,252,0,252,0,252,223,28,1,0,252
820843818,0,278,1,277,0,278,0,278,0,278,1,277,255,21,1,1,278
820843819,1,223,5,219,0,224,0,224,0,224,6,218,202,16,4,2,224
820843820,0,195,0,195,0,195,0,195,0,195,0,195,179,15,1,0,195
820843821,0,218,0,218,0,218,0,218,0,218,0,218,198,14,6,0,218
820843822,0,182,0,182,0,182,0,182,0,182,0,182,171,11,0,0,182
820843823,1,167,0,168,0,168,1,167,0,168,2,166,154,11,1,2,168
820843824,2,131,0,133,0,133,0,133,0,133,2,131,112,18,3,0,133
820843901,0,267,6,261,0,267,0,267,0,267,6,261,240,23,4,0,267
820843902,0,297,3,294,2,295,1,296,0,297,5,292,256,15,17,9,297
820843903,0,341,0,341,0,341,1,340,0,341,1,340,302,36,3,0,341
820843904,1,333,3,331,1,333,2,332,0,334,7,327,275,32,14,13,334
820843905,0,322,1,321,0,322,0,322,1,321,2,320,274,39,7,2,322
820843906,1,235,4,232,0,236,1,235,0,236,6,230,210,22,4,0,236
820843907,0,217,0,217,0,217,0,217,0,217,0,217,201,13,3,0,217
820843908,2,220,0,222,1,221,0,222,0,222,3,219,199,20,2,1,222
820843909,3,251,6,248,0,254,0,254,0,254,9,245,221,28,4,1,254
820843910,1,254,1,254,0,255,0,255,0,255,2,253,229,21,4,1,255
820843911,2,254,1,255,0,256,3,253,1,255,7,249,223,16,8,9,256
820843912,2,194,0,196,0,196,2,194,0,196,4,192,163,24,5,4,196
820843913,0,181,0,181,0,181,1,180,0,181,1,180,157,16,5,3,181
820843914,2,297,0,299,0,299,0,299,1,298,3,296,264,30,3,2,299
820843915,0,289,1,288,0,289,1,288,0,289,2,287,260,24,5,0,289
820843916,1,240,0,241,0,241,1,240,0,241,2,239,209,24,7,1,241
820843917,2,282,1,283,0,284,1,283,1,283,4,280,249,23,8,4,284
820843918,3,397,3,397,0,400,2,398,0,400,8,392,346,45,7,2,400
820843919,1,270,1,270,0,271,1,270,0,271,3,268,237,24,3,7,271
820843920,1,248,4,245,2,247,0,249,0,249,7,242,201,25,16,7,249
820843921,0,149,0,149,0,149,0,149,0,149,0,149,137,10,1,1,149
820843922,2,281,0,283,0,283,0,283,2,281,4,279,240,36,4,3,283
820843923,1,285,1,285,0,286,1,285,0,286,3,283,254,29,2,1,286
820843924,0,270,4,266,0,270,1,269,0,270,5,265,242,25,2,1,270
820843925,1,159,0,160,0,160,0,160,0,160,1,159,145,14,1,0,160
820843926,3,250,1,252,0,253,0,253,1,252,5,248,228,20,5,0,253
820843927,1,208,3,206,0,209,1,208,0,209,5,204,186,19,4,0,209
820843928,0,173,0,173,0,173,0,173,0,173,0,173,158,15,0,0,173
820844001,0,170,3,167,0,170,0,170,0,170,3,167,157,9,2,2,170
820844002,1,165,1,165,0,166,0,166,0,166,2,164,145,17,4,0,166
820844003,0,462,10,452,0,462,1,461,0,462,11,451,394,53,13,2,462
820844004,3,218,0,221,1,220,5,216,0,221,8,213,111,39,39,32,221
820844005,29,389,29,389,9,409,5,413,3,415,68,350,74,29,158,157,418
820844006,2,175,4,173,1,176,0,177,0,177,6,171,154,22,1,0,177
820844007,0,281,0,281,0,281,0,281,0,281,0,281,257,21,3,0,281
820844008,0,213,0,213,0,213,1,212,0,213,1,212,197,14,2,0,213
820844009,1,191,0,192,0,192,1,191,0,192,2,190,166,20,5,1,192
820844010,5,176,10,171,1,180,1,180,0,181,14,167,138,24,13,6,181
820844011,3,263,10,256,0,266,0,266,1,265,14,252,197,37,20,12,266
820844012,0,230,0,230,0,230,0,230,0,230,0,230,197,26,4,3,230
820844013,1,306,1,306,0,307,0,307,0,307,2,305,269,29,6,3,307
820844014,0,256,1,255,0,256,0,256,0,256,1,255,231,18,4,3,256
820844015,1,318,0,319,0,319,0,319,0,319,1,318,288,22,8,1,319
820844016,4,147,5,146,0,151,0,151,1,150,7,144,102,18,19,12,151
820844017,2,272,6,268,0,274,0,274,0,274,8,266,228,29,12,5,274
820844018,0,163,0,163,0,163,0,163,0,163,0,163,139,20,4,0,163
820844019,2,287,1,288,0,289,1,288,1,288,5,284,213,43,17,16,289
820844020,1,286,0,287,0,287,1,286,0,287,2,285,256,26,3,2,287
820844021,3,194,0,197,0,197,0,197,2,195,4,193,145,28,11,13,197
820844022,1,222,0,223,0,223,0,223,0,223,1,222,204,14,4,1,223
820844101,4,299,4,299,0,303,0,303,0,303,8,295,276,18,5,4,303
820844102,5,306,4,307,0,311,0,311,0,311,9,302,229,49,18,15,311
820844103,10,344,18,336,1,353,1,353,1,353,26,328,243,45,41,25,354
820844104,4,309,9,304,2,311,3,310,2,311,19,294,211,45,34,23,313
820844105,1,162,2,161,0,163,0,163,0,163,3,160,138,20,5,0,163
820844106,0,194,1,193,0,194,0,194,0,194,1,193,155,22,11,6,194
820844107,9,180,6,183,0,189,3,186,1,188,14,175,102,35,24,28,189
820844108,10,261,8,263,2,269,2,269,1,270,22,249,105,54,47,65,271
820844109,6,264,5,265,2,268,1,269,1,269,14,256,181,39,26,24,270
820844110,6,316,4,318,0,322,1,321,1,321,12,310,172,59,58,33,322
820844111,6,228,4,230,3,231,0,234,0,234,13,221,140,41,28,25,234
820844112,7,371,18,360,0,378,3,375,2,376,29,349,230,70,44,34,378
820844113,0,177,0,177,0,177,0,177,0,177,0,177,162,9,5,1,177
820844114,1,206,2,205,0,207,0,207,0,207,3,204,157,33,10,7,207
820844115,9,212,2,219,2,219,0,221,0,221,12,209,80,47,38,56,221
820844201,1,200,0,201,2,199,1,200,0,201,4,197,140,24,16,21,201
820844202,14,260,23,251,6,268,10,264,4,270,51,223,59,40,83,92,274
820844203,11,153,2,162,3,161,4,160,3,161,21,143,17,18,55,74,164
820844204,9,255,9,255,1,263,2,262,5,259,23,241,96,63,52,53,264
820844205,0,193,0,193,0,193,0,193,0,193,0,193,161,27,3,2,193
820844206,3,220,5,218,1,222,0,223,1,222,10,213,145,25,32,21,223
820844207,10,288,8,290,9,289,4,294,3,295,28,270,147,66,38,47,298
820844208,15,370,11,374,5,380,7,378,6,379,40,345,128,61,99,97,385
820844209,6,264,12,258,2,268,7,263,1,269,25,245,140,43,50,37,270
820844210,0,203,4,199,1,202,0,203,0,203,5,198,178,20,3,2,203
820844211,26,354,12,368,8,372,11,369,4,376,53,327,99,35,127,119,380
820844212,1,333,6,328,1,333,3,331,0,334,11,323,187,77,39,31,334
820844213,11,402,8,405,1,412,5,408,3,410,25,388,202,77,69,65,413
820844214,6,231,3,234,3,234,11,226,1,236,24,213,87,52,48,50,237
820844215,13,263,4,272,3,273,6,270,2,274,23,253,133,60,40,43,276
820844216,14,262,11,265,6,270,1,275,2,274,31,245,119,55,47,55,276
820844301,0,288,4,284,0,288,1,287,0,288,5,283,253,24,10,1,288
820844302,1,245,1,245,0,246,0,246,0,246,2,244,223,16,5,2,246
820844303,1,332,0,333,0,333,1,332,0,333,2,331,308,19,5,1,333
820844304,1,337,2,336,1,337,1,337,1,337,6,332,286,46,6,0,338
820844305,1,259,0,260,0,260,1,259,1,259,3,257,222,30,6,2,260
820844306,1,196,0,197,0,197,0,197,0,197,1,196,170,19,7,1,197
820844307,0,326,2,324,0,326,2,324,1,325,5,321,278,45,3,0,326
820844308,3,172,2,173,0,175,0,175,1,174,6,169,151,18,4,2,175
820844309,1,283,1,283,0,284,1,283,1,283,4,280,248,31,5,0,284
820844310,0,290,0,290,0,290,1,289,0,290,1,289,256,22,11,1,290
820844311,1,317,1,317,0,318,2,316,2,316,6,312,257,45,11,5,318
820844312,2,419,4,417,1,420,2,419,0,421,8,413,318,58,27,18,421
820844313,6,340,2,344,0,346,0,346,2,344,10,336,280,47,12,7,346
820844314,0,208,1,207,0,208,0,208,1,207,2,206,178,23,4,3,208
820844315,0,203,0,203,0,203,0,203,0,203,0,203,184,16,1,2,203
820844401,0,256,0,256,0,256,2,254,5,251,7,249,205,43,7,1,256
820844402,1,196,2,195,0,197,1,196,1,196,5,192,167,28,1,1,197
820844403,6,190,0,196,0,196,1,195,1,195,8,188,168,20,5,3,196
820844404,20,315,6,329,3,332,13,322,7,328,47,288,158,80,60,37,335
820844405,6,253,1,258,0,259,3,256,1,258,11,248,207,50,1,1,259
820844406,2,329,1,330,0,331,4,327,1,330,7,324,282,43,4,2,331
820844407,8,346,2,352,0,354,3,351,1,353,13,341,285,48,16,5,354
820844408,3,277,15,265,0,280,2,278,3,277,23,257,171,45,35,29,280
820844409,14,320,10,324,0,334,9,325,3,331,32,302,257,42,26,9,334
820844410,1,290,1,290,0,291,0,291,0,291,2,289,251,33,6,1,291
820844411,1,276,1,276,0,277,0,277,0,277,2,275,237,30,6,4,277
820844412,2,310,0,312,0,312,3,309,0,312,5,307,274,25,10,3,312
820844413,0,292,0,292,0,292,1,291,1,291,2,290,265,22,3,2,292
820844414,3,274,7,270,0,277,5,272,1,276,16,261,226,48,3,0,277
820844415,6,355,6,355,0,361,10,351,3,358,25,336,280,59,16,6,361
820844416,6,333,2,337,1,338,1,338,1,338,10,329,263,45,19,12,339
820844417,2,311,2,311,0,313,1,312,1,312,6,307,257,39,11,6,313
820844418,0,304,1,303,0,304,0,304,0,304,1,303,261,30,11,2,304
820844419,1,148,1,148,0,149,0,149,0,149,2,147,130,14,2,3,149
820844420,16,254,4,266,5,265,12,258,1,269,35,235,120,53,61,36,270
820844501,5,328,8,325,1,332,1,332,1,332,15,318,217,53,38,25,333
820844502,0,190,1,189,0,190,0,190,0,190,1,189,159,24,7,0,190
820844503,1,202,0,203,0,203,2,201,0,203,3,200,167,19,9,8,203
820844504,1,322,3,320,0,323,4,319,1,322,9,314,264,45,8,6,323
820844505,1,236,1,236,0,237,1,236,0,237,3,234,192,39,3,3,237
820844506,4,187,1,190,0,191,1,190,1,190,7,184,146,30,11,4,191
820844507,7,344,2,349,0,351,3,348,0,351,12,339,266,45,21,19,351
820844508,0,247,2,245,1,246,0,247,0,247,2,245,193,38,10,6,247
820844509,0,180,1,179,0,180,0,180,2,178,3,177,158,19,2,1,180
820844510,1,300,1,300,0,301,2,299,0,301,4,297,250,35,11,5,301
820844511,1,190,1,190,0,191,0,191,0,191,2,189,163,21,6,1,191
820844512,0,347,0,347,0,347,4,343,2,345,6,341,296,46,4,1,347
820844513,0,80,2,78,0,80,0,80,0,80,2,78,63,14,1,2,80
820844514,1,173,2,172,0,174,0,174,2,172,5,169,127,34,9,4,174
820844515,4,298,3,299,0,302,1,301,1,301,7,295,237,48,11,6,302
820844516,13,217,6,224,3,227,1,229,3,227,23,207,55,66,55,54,230
820844517,4,291,4,291,0,295,2,293,0,295,9,286,220,47,20,8,295
820844518,2,194,3,193,0,196,1,195,0,196,6,190,155,31,8,2,196
820844519,1,167,2,166,0,168,0,168,1,167,3,165,128,34,4,2,168
820844520,18,289,17,290,2,305,4,303,2,305,40,267,162,45,51,49,307
820844521,2,249,1,250,0,251,0,251,2,249,5,246,205,22,13,11,251
820844522,6,279,4,281,5,280,1,284,0,285,14,271,202,28,24,31,285
820844523,0,189,0,189,0,189,0,189,0,189,0,189,159,26,4,0,189
820844524,1,327,5,323,0,328,1,327,0,328,7,321,292,32,3,1,328
820844525,3,189,1,191,0,192,0,192,1,191,5,187,153,36,1,2,192
820844526,0,183,1,182,0,183,0,183,0,183,1,182,154,22,4,3,183
820844527,0,200,0,200,0,200,0,200,0,200,0,200,152,20,19,9,200
820844528,1,181,0,182,0,182,1,181,1,181,3,179,148,23,8,3,182
820844529,14,231,3,242,2,243,8,237,3,242,28,217,100,46,45,54,245
820844530,4,206,3,207,0,210,0,210,0,210,7,203,161,30,7,12,210
820844531,1,166,1,166,0,167,1,166,0,167,3,164,135,24,5,3,167
820844532,0,193,1,192,0,193,0,193,0,193,1,192,172,16,4,1,193
820844601,4,339,4,339,0,343,4,339,1,342,13,330,287,45,11,0,343
820844602,2,326,4,324,0,328,0,328,1,327,7,321,280,37,8,3,328
820844603,0,308,1,307,0,308,0,308,0,308,1,307,269,37,2,0,308
820844604,5,329,1,333,0,334,3,331,2,332,11,323,278,40,12,4,334
820844605,0,155,7,148,0,155,0,155,0,155,7,148,126,22,3,4,155
820844606,4,396,1,399,0,400,2,398,0,400,7,393,328,50,18,4,400
820844607,4,202,2,204,0,206,0,206,1,205,7,199,149,27,20,10,206
820844608,1,336,2,335,0,337,4,333,2,335,9,328,286,42,8,1,337
820844609,8,245,4,249,0,253,6,247,6,247,22,231,88,36,57,72,253
820844610,2,352,2,352,0,354,3,351,1,353,8,346,227,96,20,11,354
820844611,14,239,1,252,4,249,6,247,3,250,24,229,52,49,63,89,253
820844612,19,390,11,398,5,404,5,404,3,406,37,372,180,68,93,68,409
820844613,11,350,10,351,3,358,6,355,1,360,27,334,164,77,71,49,361
820844614,9,268,4,273,0,277,2,275,1,276,15,262,149,60,40,28,277
820844615,18,285,3,300,3,300,0,303,3,300,25,278,144,67,42,50,303
820844616,4,283,0,287,7,280,1,286,0,287,11,276,230,40,9,8,287
820844617,10,200,2,208,0,210,6,204,2,208,19,191,74,20,56,60,210
820844618,12,176,7,181,0,188,6,182,1,187,25,163,42,32,54,60,188
820844619,8,254,1,261,2,260,7,255,2,260,20,242,100,43,57,62,262
820844620,3,230,5,228,0,233,1,232,1,232,9,224,150,58,16,9,233
820844621,3,221,4,220,4,220,0,224,2,222,12,212,114,38,45,27,224
820844701,31,216,9,238,16,231,10,237,3,244,58,189,64,26,60,97,247
820844702,8,324,11,321,0,332,2,330,2,330,21,311,214,69,32,17,332
820844703,28,161,9,180,2,187,1,188,6,183,42,147,13,20,66,90,189
820844704,15,252,12,255,3,264,6,261,4,263,31,236,98,45,75,49,267
820844705,2,278,5,275,0,280,6,274,2,278,15,265,160,53,41,26,280
820844706,2,183,4,181,0,185,3,182,1,184,10,175,102,42,18,23,185
820844707,5,240,5,240,0,245,5,240,0,245,14,231,174,45,17,9,245
820844708,5,343,14,334,1,347,1,347,1,347,20,328,225,49,45,29,348
820844709,3,210,4,209,0,213,1,212,0,213,7,206,165,38,7,3,213
820844710,15,217,17,215,4,228,9,223,1,231,40,192,86,30,62,54,232
820844711,1,224,3,222,1,224,1,224,0,225,6,219,167,36,14,8,225
820844712,7,292,13,286,0,299,6,293,4,295,28,271,188,70,21,20,299
820844713,8,299,7,300,0,307,6,301,0,307,21,286,196,70,24,17,307
820844714,32,371,15,388,4,399,7,396,3,400,52,351,151,75,84,93,403
820844715,6,262,5,263,2,266,0,268,1,267,12,256,170,48,31,19,268
820844716,44,337,13,368,15,366,6,375,8,373,74,307,86,74,79,142,381
820844717,13,178,10,181,1,190,0,191,0,191,20,171,92,37,34,28,191
820844718,22,318,16,324,8,332,7,333,7,333,52,288,68,46,91,135,340
820844719,25,385,38,372,11,399,10,400,5,405,81,329,29,29,140,212,410
820844720,21,217,3,235,2,236,3,235,1,237,29,209,34,16,93,95,238
820844721,23,344,10,357,2,365,4,363,2,365,39,328,147,61,88,71,367
820844722,2,239,4,237,1,240,2,239,1,240,10,231,157,48,20,16,241
820844723,3,177,1,179,0,180,1,179,0,180,4,176,117,31,17,15,180
820844724,7,216,7,216,0,223,4,219,0,223,16,207,148,40,20,15,223
820844725,7,207,8,206,0,214,2,212,3,211,19,195,81,46,51,36,214
820844726,20,317,14,323,6,331,5,332,5,332,44,293,174,76,38,49,337
820844727,12,218,9,221,0,230,3,227,3,227,23,207,100,52,33,45,230
820844728,23,177,3,197,3,197,10,190,5,195,36,164,74,66,24,36,200
820844729,35,284,17,302,5,314,13,306,1,318,63,256,43,29,106,141,319
820844730,15,301,9,307,1,315,12,304,5,311,42,274,75,63,84,94,316
820844801,11,283,9,285,4,290,6,288,3,291,30,264,167,72,24,31,294
820844802,1,382,1,382,0,383,4,379,1,382,7,376,246,93,30,14,383
820844803,4,311,3,312,0,315,6,309,3,312,14,301,255,46,10,4,315
820844804,5,285,2,288,0,290,1,289,3,287,11,279,191,54,34,11,290
820844805,1,212,1,212,0,213,1,212,1,212,4,209,155,37,13,8,213
820844806,2,162,2,162,0,164,1,163,0,164,5,159,128,24,8,4,164
820844807,47,367,50,364,20,394,5,409,4,410,109,305,39,25,138,212,414
820844808,4,278,7,275,1,281,9,273,1,281,18,264,153,62,37,30,282
820844809,7,208,9,206,0,215,6,209,4,211,23,192,135,61,12,7,215
820844810,15,334,4,345,2,347,2,347,1,348,23,326,213,57,40,39,349
820844811,3,257,4,256,7,253,0,260,2,258,16,244,173,51,25,11,260
820844812,7,358,7,358,2,363,0,365,1,364,13,352,294,33,18,20,365
820844813,15,192,14,193,12,195,3,204,2,205,41,166,53,38,64,52,207
820844814,25,325,7,343,5,345,11,339,4,346,47,303,128,67,76,79,350
820844815,8,313,6,315,2,319,8,313,0,321,22,299,206,67,24,24,321
820844816,5,471,10,466,1,475,6,470,2,474,23,453,279,109,48,40,476
820844817,3,273,1,275,0,276,1,275,2,274,7,269,163,47,32,34,276
820844818,3,248,2,249,4,247,1,250,1,250,11,240,118,84,27,22,251
820844819,10,292,2,300,2,300,5,297,2,300,20,282,169,77,38,18,302
820844820,7,322,2,327,0,329,3,326,1,328,13,316,217,60,32,20,329
820844821,23,217,18,222,9,231,4,236,2,238,48,192,63,36,57,84,240
820844822,23,226,5,244,4,245,1,248,1,248,32,217,51,34,75,89,249
820844823,3,154,6,151,0,157,0,157,0,157,9,148,101,42,12,2,157
820844824,38,272,43,267,6,304,13,297,3,307,89,221,24,19,112,155,310
820844825,23,273,22,274,10,286,11,285,4,292,67,229,79,40,77,100,296
820844826,23,342,13,352,12,353,10,355,2,363,54,311,81,59,100,125,365
820844827,18,158,13,163,10,166,6,170,1,175,41,135,6,5,56,109,176
820844828,1,44,0,45,0,45,0,45,0,45,1,44,21,5,11,8,45
820844829,12,283,19,276,2,293,6,289,2,293,36,259,94,51,71,79,295
820844830,14,239,3,250,6,247,3,250,2,251,25,228,90,36,60,67,253
820844831,9,304,6,307,0,313,0,313,0,313,15,298,184,79,34,16,313
820844832,17,299,7,309,9,307,3,313,4,312,37,279,96,45,92,83,316
820844833,8,213,4,217,1,220,1,220,4,217,16,205,105,42,41,33,221
820844834,4,248,0,252,0,252,0,252,0,252,4,248,194,45,8,5,252
820844835,19,237,3,253,4,252,1,255,0,256,24,232,69,43,53,91,256
820844901,10,130,4,136,6,134,1,139,2,138,18,122,36,13,48,43,140
820844902,7,284,4,287,0,291,4,287,0,291,15,276,151,81,22,37,291
820844903,8,261,4,265,0,269,10,259,0,269,21,248,123,80,34,32,269
820844904,12,315,5,322,1,326,4,323,2,325,21,306,203,71,22,31,327
820844905,15,341,3,353,2,354,11,345,4,352,32,324,152,55,75,74,356
820844906,9,341,6,344,2,348,5,345,6,344,28,322,173,63,56,58,350
820844907,2,184,4,182,1,185,6,180,3,183,16,170,85,39,29,33,186
820844908,6,149,2,153,0,155,1,154,0,155,8,147,58,71,13,13,155
820844909,4,369,3,370,1,372,4,369,0,373,12,361,199,125,23,26,373
820844910,60,340,18,382,3,397,12,388,7,393,89,311,58,92,88,162,400
820844911,36,286,16,306,1,321,11,311,8,314,65,257,35,48,111,128,322
820844912,27,335,6,356,4,358,5,357,4,358,43,319,115,49,84,114,362
820844913,8,245,4,249,1,252,1,252,5,248,19,234,73,24,88,68,253
820844914,26,284,30,280,5,305,6,304,7,303,65,245,33,20,121,136,310
820844915,39,177,6,210,7,209,10,206,2,214,57,159,15,8,65,128,216
820844916,3,249,0,252,0,252,1,251,0,252,4,248,145,69,19,19,252
820844917,11,135,4,142,0,146,2,144,3,143,19,127,57,37,24,28,146
820844918,4,50,1,53,0,54,0,54,1,53,6,48,14,8,9,23,54
820844919,4,234,2,236,2,236,6,232,4,234,16,222,114,66,31,27,238
820844920,25,250,12,263,11,264,6,269,4,271,50,225,25,15,117,118,275
820844921,39,326,17,348,2,363,3,362,9,356,62,303,44,80,68,173,365
820844922,34,287,20,301,4,317,8,313,4,317,66,255,41,31,93,156,321
820844923,11,198,3,206,2,207,0,209,1,208,17,192,42,26,84,57,209
820844924,26,264,13,277,9,281,4,286,5,285,48,242,92,32,89,77,290
820844925,13,229,6,236,13,229,2,240,3,239,29,213,54,21,82,85,242
820844926,31,272,10,293,4,299,8,295,16,287,54,249,30,32,70,171,303
820844927,20,288,6,302,6,302,1,307,2,306,33,275,53,46,89,120,308
820845001,1,183,2,182,0,184,3,181,0,184,6,178,138,34,10,2,184
820845002,0,182,8,174,4,178,2,180,2,180,15,167,133,19,18,12,182
820845003,1,321,4,318,0,322,0,322,0,322,5,317,244,48,24,6,322
820845004,5,411,9,407,2,414,0,416,0,416,13,403,327,45,28,16,416
820845005,5,221,1,225,3,223,5,221,1,225,11,215,164,42,10,10,226
820845006,3,180,3,180,0,183,3,180,0,183,9,174,109,47,13,14,183
820845007,4,253,2,255,0,257,2,255,0,257,7,250,165,63,21,8,257
820845008,10,213,0,223,3,220,1,222,2,221,14,209,125,46,27,25,223
820845009,0,209,3,206,0,209,1,208,0,209,4,205,157,31,16,5,209
820845010,3,219,5,217,0,222,4,218,4,218,14,208,176,35,8,3,222
820845011,8,379,4,383,2,385,3,384,0,387,16,371,277,61,33,16,387
820845012,15,249,2,262,15,249,5,259,5,259,29,235,162,43,27,32,264
820845013,0,182,1,181,0,182,0,182,0,182,1,181,139,29,8,6,182
820845014,3,188,1,190,0,191,6,185,1,190,10,181,147,40,1,3,191
820845015,0,219,3,216,1,218,1,218,2,217,7,212,170,32,13,4,219
820845016,1,178,1,178,1,178,1,178,0,179,4,175,125,36,7,11,179
820845017,2,217,1,218,0,219,7,212,3,216,13,206,137,41,28,13,219
820845018,0,196,4,192,0,196,5,191,0,196,9,187,131,32,18,15,196
820845019,3,184,10,177,0,187,1,186,0,187,10,177,140,29,10,8,187
820845020,0,226,4,222,0,226,0,226,0,226,4,222,165,48,9,4,226
820845021,2,189,4,187,1,190,1,190,0,191,8,183,153,22,10,6,191
820845101,1,227,8,220,0,228,1,227,0,228,10,218,185,32,9,2,228
820845102,2,317,2,317,0,319,2,317,1,318,7,312,246,58,11,4,319
820845103,1,335,1,335,0,336,1,335,1,335,3,333,266,55,11,4,336
820845104,3,311,0,314,0,314,1,313,0,314,4,310,265,44,4,1,314
820845105,2,299,1,300,0,301,0,301,0,301,3,298,265,30,5,1,301
820845106,2,186,1,187,0,188,2,186,1,187,6,182,161,19,6,2,188
820845107,6,348,5,349,0,354,2,352,3,351,14,340,226,78,30,20,354
820845108,3,227,3,227,0,230,2,228,0,230,7,223,172,32,15,11,230
820845109,5,254,4,255,0,259,0,259,1,258,10,249,215,34,7,3,259
820845110,2,305,5,302,0,307,0,307,0,307,7,300,255,42,7,3,307
820845111,1,338,5,334,0,339,0,339,0,339,6,333,280,39,13,7,339
820845112,4,292,5,291,0,296,1,295,2,294,11,285,260,26,8,2,296
820845113,2,219,7,214,0,221,1,220,0,221,9,212,167,29,16,9,221
820845114,8,330,11,327,2,336,1,337,2,336,24,314,151,57,76,54,338
820845115,1,191,6,186,0,192,0,192,1,191,8,184,151,21,10,10,192
820845116,4,249,3,250,0,253,2,251,2,251,11,242,177,50,16,10,253
820845117,6,294,3,297,2,298,2,298,0,300,12,288,125,42,55,78,300
820845201,8,274,4,278,0,282,1,281,0,282,13,269,179,48,30,25,282
820845202,11,348,3,356,3,356,2,357,0,359,18,341,197,82,36,44,359
820845203,3,195,0,198,0,198,4,194,0,198,6,192,124,47,13,14,198
820845204,33,268,34,267,12,289,6,295,4,297,73,228,68,28,77,128,301
820845205,3,206,0,209,3,206,5,204,7,202,16,193,87,49,40,33,209
820845206,14,205,0,219,4,215,5,214,5,214,23,196,38,36,65,80,219
820845207,27,242,27,242,22,247,12,257,8,261,79,190,30,27,63,149,269
820845208,8,189,2,195,0,197,8,189,5,192,22,175,94,54,22,27,197
820845209,18,396,14,400,1,413,7,407,4,410,40,374,169,90,75,80,414
820845210,2,266,3,265,3,265,12,256,1,267,18,250,153,74,22,19,268
820845211,10,329,3,336,7,332,9,330,4,335,31,308,87,69,97,86,339
820845212,18,285,7,296,1,302,15,288,5,298,42,261,77,59,70,97,303
820845213,13,369,2,380,1,381,3,379,3,379,21,361,259,67,29,27,382
820845214,11,177,2,186,0,188,1,187,2,186,15,173,99,43,27,19,188
820845215,6,226,3,229,1,231,2,230,1,231,12,220,147,38,23,24,232
820845216,1,173,0,174,2,172,2,172,0,174,5,169,107,38,17,12,174
820845217,11,266,4,273,2,275,5,272,2,275,22,255,157,61,34,25,277
820845218,8,219,1,226,3,224,5,222,3,224,19,208,82,60,33,52,227
820845219,3,221,0,224,0,224,7,217,3,221,13,211,57,58,39,70,224
820845220,4,207,11,200,2,209,4,207,4,207,23,188,31,29,75,76,211
820845221,7,267,2,272,3,271,6,268,3,271,21,253,76,52,57,89,274
820845222,46,361,36,371,9,398,8,399,4,403,82,325,52,24,143,188,407
820845223,2,140,2,140,0,142,2,140,0,142,5,137,106,22,9,5,142
820845301,0,318,5,313,0,318,2,316,0,318,7,311,266,39,8,5,318
820845302,2,223,4,221,0,225,0,225,0,225,6,219,194,21,9,1,225
820845303,2,132,2,132,0,134,0,134,0,134,4,130,111,17,3,3,134
820845304,22,366,8,380,2,386,7,381,6,382,44,344,114,52,112,110,388
820845305,6,264,4,266,1,269,2,268,0,270,12,258,137,44,44,45,270
820845306,1,404,0,405,4,401,4,401,2,403,11,394,264,89,27,25,405
820845307,4,396,2,398,0,400,0,400,2,398,8,392,289,91,11,9,400
820845308,4,299,1,302,2,301,3,300,5,298,15,288,197,65,23,18,303
820845309,10,368,5,373,2,376,0,378,2,376,18,360,189,62,58,69,378
820845310,2,180,2,180,0,182,1,181,0,182,5,177,143,24,6,9,182
820845311,0,192,0,192,0,192,0,192,0,192,0,192,168,20,2,2,192
820845312,2,324,0,326,0,326,0,326,0,326,2,324,290,29,5,2,326
820845313,5,215,1,219,0,220,0,220,1,219,6,214,174,36,4,6,220
820845314,6,242,9,239,0,248,6,242,2,246,20,228,157,67,17,7,248
820845315,2,327,1,328,1,328,1,328,0,329,5,324,240,50,24,15,329
820845316,2,229,1,230,2,229,0,231,0,231,4,227,122,57,30,22,231
820845317,1,239,1,239,0,240,2,238,3,237,6,234,168,52,15,5,240
820845318,3,644,2,645,2,645,4,643,5,642,16,631,409,179,43,16,647
820845319,6,321,1,326,0,327,1,326,1,326,9,318,198,63,40,26,327
820845320,2,233,5,230,0,235,2,233,1,234,9,226,148,65,12,10,235
820845321,3,196,1,198,1,198,0,199,0,199,5,194,130,48,10,11,199
820845322,3,66,0,69,0,69,0,69,0,69,3,66,57,10,2,0,69
820845323,5,282,1,286,0,287,1,286,1,286,8,279,182,74,21,10,287
820845324,0,149,1,148,0,149,0,149,0,149,1,148,132,14,1,2,149
820845325,4,229,5,228,0,233,1,232,0,233,9,224,174,41,10,8,233
820845326,3,191,4,190,0,194,0,194,0,194,7,187,129,39,13,13,194
820845327,0,239,3,236,0,239,1,238,2,237,6,233,185,32,18,4,239
820845328,1,264,1,264,0,265,4,261,1,264,6,259,144,84,27,10,265
820845401,0,145,0,145,0,145,0,145,0,145,0,145,131,14,0,0,145
820845402,3,253,3,253,0,256,2,254,1,255,8,248,212,34,7,3,256
820845403,3,210,1,212,0,213,2,211,0,213,5,208,179,22,8,4,213
820845404,2,339,2,339,0,341,2,339,1,340,7,334,271,54,5,11,341
820845405,4,258,2,260,5,257,2,260,0,262,12,250,174,40,30,18,262
820845406,2,12,0,14,6,8,0,14,2,12,9,5,0,1,6,7,14
820845407,23,404,5,422,10,417,14,413,8,419,51,376,91,41,134,161,427
820845408,14,307,14,307,6,315,8,313,4,317,42,279,92,50,74,105,321
820845409,3,205,0,208,0,208,1,207,0,208,4,204,140,44,13,11,208
820845410,3,178,4,177,2,179,1,180,2,179,12,169,135,29,11,6,181
820845411,1,392,4,389,1,392,2,391,4,389,10,383,300,61,10,22,393
820845412,2,351,4,349,0,353,0,353,0,353,6,347,286,51,13,3,353
820845413,0,213,0,213,0,213,0,213,0,213,0,213,188,23,2,0,213
820845414,0,352,0,352,0,352,2,350,1,351,3,349,295,52,4,1,352
820845415,1,347,1,347,0,348,0,348,0,348,2,346,299,40,6,3,348
820845416,1,314,6,309,0,315,3,312,0,315,8,307,280,29,4,2,315
820845417,0,278,2,276,0,278,1,277,3,275,6,272,239,29,8,2,278
820845418,7,325,11,321,7,325,3,329,1,331,22,310,263,35,21,13,332
820845419,0,168,2,166,0,168,1,167,0,168,3,165,144,21,3,0,168
820845420,5,253,6,252,0,258,5,253,0,258,16,242,151,47,32,28,258
820845421,6,155,2,159,0,161,3,158,1,160,12,149,87,36,18,20,161
820845501,3,155,1,157,0,158,1,157,0,158,5,153,110,30,14,4,158
820845502,7,326,5,328,0,333,0,333,2,331,14,319,244,51,27,11,333
820845503,3,320,3,320,0,323,0,323,1,322,6,317,243,46,24,10,323
820845504,2,335,8,329,1,336,2,335,2,335,12,325,263,46,15,13,337
820845505,3,334,3,334,0,337,0,337,0,337,6,331,269,42,19,7,337
820845506,2,270,2,270,0,272,3,269,0,272,7,265,204,49,15,4,272
820845507,8,407,5,410,2,413,1,414,5,410,19,396,261,59,38,57,415
820845508,20,417,10,427,5,432,1,436,5,432,39,398,198,70,94,75,437
820845509,5,309,3,311,0,314,0,314,1,313,9,305,240,54,13,7,314
820845510,6,368,4,370,0,374,1,373,1,373,12,362,240,72,42,20,374
820845511,8,297,2,303,0,305,4,301,3,302,15,290,197,60,27,21,305
820845512,4,303,2,305,0,307,1,306,2,305,9,298,180,45,53,29,307
820845513,9,217,1,225,4,222,2,224,1,225,16,210,117,58,28,23,226
820845514,2,204,4,202,1,205,2,204,0,206,9,197,144,28,21,13,206
820845515,16,266,1,281,14,268,2,280,5,277,33,249,111,81,35,55,282
820845516,18,378,10,386,4,392,3,393,9,387,40,356,77,68,112,139,396
820845517,1,301,2,300,1,301,1,301,4,298,8,294,166,63,45,28,302
820845518,22,318,5,335,7,333,5,335,4,336,37,303,99,56,97,88,340
820845519,6,264,4,266,0,270,10,260,4,266,18,252,176,48,24,22,270
820845520,4,203,0,207,0,207,0,207,0,207,4,203,129,56,16,6,207
820845521,3,292,5,290,1,294,6,289,1,294,13,282,176,58,44,17,295
820845522,8,246,28,226,7,247,0,254,2,252,40,214,73,27,85,69,254
820845523,1,286,1,286,1,286,1,286,2,285,5,282,181,70,22,14,287
820845524,0,169,0,169,0,169,0,169,0,169,0,169,137,22,8,2,169
820845525,37,425,81,381,22,440,16,446,5,457,131,331,48,45,143,226,462
820845526,21,241,28,234,8,254,8,254,5,257,59,203,25,27,79,131,262
820845527,8,275,3,280,1,282,5,278,0,283,17,266,185,52,26,20,283
820845528,5,242,1,246,0,247,1,246,0,247,7,240,170,48,21,8,247
820845529,29,208,35,202,11,226,19,218,8,229,81,156,32,30,53,122,237
820845530,1,232,0,233,0,233,0,233,1,232,1,232,172,51,6,4,233
820845601,0,20,0,20,0,20,0,20,0,20,0,20,18,0,1,1,20
820845602,0,1,1,0,1,0,0,1,0,1,1,0,0,0,1,0,1
820845603,0,8,1,7,0,8,0,8,0,8,1,7,1,6,1,0,8
820848001,10,229,9,230,0,239,3,236,0,239,20,219,165,21,37,16,239
820848002,0,212,3,209,0,212,1,211,0,212,4,208,155,39,15,3,212
820848003,9,227,20,216,0,236,5,231,0,236,27,209,176,39,16,5,236
820848004,10,233,4,239,0,243,3,240,2,241,16,227,137,53,28,25,243
820848005,6,225,13,218,0,231,3,228,1,230,21,210,145,47,31,8,231
820848006,1,322,7,316,0,323,2,321,0,323,10,313,262,51,7,3,323
820848007,8,307,7,308,0,315,0,315,0,315,14,301,269,41,3,2,315
820848008,0,215,1,214,0,215,0,215,0,215,1,214,160,52,1,2,215
820848009,13,291,3,301,0,304,4,300,0,304,19,285,248,44,9,3,304
820848010,2,307,1,308,0,309,3,306,1,308,6,303,270,33,5,1,309
820848011,1,191,1,191,0,192,1,191,2,190,3,189,167,24,1,0,192
820848012,3,325,2,326,0,328,5,323,2,326,12,316,275,36,14,3,328
820848013,1,266,1,266,0,267,1,266,1,266,4,263,237,25,5,0,267
820848014,0,251,0,251,0,251,0,251,0,251,0,251,207,40,3,1,251
820848015,0,260,0,260,0,260,0,260,0,260,0,260,227,31,2,0,260
820848016,0,181,2,179,0,181,3,178,0,181,5,176,154,22,3,2,181
820848017,5,294,2,297,0,299,1,298,0,299,8,291,247,35,16,1,299
820848018,0,145,0,145,0,145,0,145,0,145,0,145,135,10,0,0,145
820848019,3,346,5,344,2,347,2,347,2,347,12,337,296,43,8,2,349
820848020,6,204,1,209,0,210,0,210,0,210,7,203,181,20,7,2,210
820848021,1,142,0,143,0,143,0,143,0,143,1,142,119,21,1,2,143
820848022,1,206,2,205,0,207,3,204,0,207,6,201,122,80,4,1,207
820848023,7,268,3,272,4,271,5,270,0,275,16,259,203,34,19,19,275
820848024,18,243,6,255,0,261,3,258,0,261,25,236,158,26,64,13,261
820848025,5,234,23,216,0,239,4,235,0,239,26,213,189,42,7,1,239
820848026,7,242,0,249,0,249,1,248,0,249,7,242,201,46,2,0,249
820848027,7,352,9,350,0,359,8,351,0,359,22,337,254,68,24,13,359
820848028,1,241,0,242,0,242,5,237,0,242,6,236,205,35,2,0,242
820848029,3,225,6,222,0,228,1,227,1,227,11,217,175,32,18,3,228
820848030,1,278,10,269,2,277,1,278,1,278,15,264,217,32,22,8,279
820848031,3,299,2,300,0,302,1,301,1,301,7,295,228,69,4,1,302
820848032,1,263,7,257,0,264,1,263,1,263,9,255,233,24,7,0,264
820848033,0,147,6,141,0,147,0,147,0,147,6,141,124,20,1,2,147
820848034,2,235,14,223,0,237,1,236,1,236,18,219,196,22,16,3,237
820848035,6,389,8,387,0,395,0,395,4,391,17,378,320,44,26,5,395
820848036,0,249,1,248,0,249,1,248,0,249,2,247,220,22,6,1,249
820848037,0,232,7,225,0,232,0,232,0,232,7,225,197,31,4,0,232
820848038,0,209,6,203,0,209,1,208,0,209,7,202,168,35,5,1,209
820848039,0,177,5,172,0,177,1,176,1,176,6,171,132,20,14,11,177
820848040,4,416,5,415,0,420,1,419,0,420,9,411,338,56,21,5,420
820848041,0,244,2,242,0,244,0,244,0,244,2,242,206,35,2,1,244
820848042,3,145,3,145,0,148,2,146,0,148,8,140,92,11,32,13,148
820848043,0,191,0,191,0,191,0,191,0,191,0,191,167,18,4,2,191
820848044,2,268,1,269,0,270,0,270,0,270,3,267,169,85,10,6,270
820848045,3,269,14,258,0,272,1,271,0,272,18,254,194,56,12,10,272
820848101,1,315,6,310,0,316,0,316,0,316,7,309,262,36,11,7,316
820848102,0,237,12,225,0,237,0,237,0,237,12,225,216,20,1,0,237
820848103,1,304,2,303,0,305,1,304,1,304,5,300,266,29,9,1,305
820848104,1,305,9,297,0,306,0,306,2,304,12,294,248,39,16,3,306
820848105,1,273,0,274,0,274,1,273,0,274,2,272,253,17,4,0,274
820848106,0,214,1,213,0,214,0,214,0,214,1,213,189,23,2,0,214
820848107,2,359,5,356,0,361,2,359,0,361,8,353,318,33,8,2,361
820848108,1,296,1,296,0,297,1,296,0,297,3,294,259,30,5,3,297
820848109,0,335,2,333,0,335,0,335,0,335,2,333,285,36,12,2,335
820848110,1,360,0,361,0,361,2,359,0,361,3,358,295,44,14,8,361
820848111,6,276,39,243,0,282,0,282,0,282,40,242,234,36,9,3,282
820848112,1,318,2,317,1,318,0,319,1,318,5,314,279,28,10,2,319
820848113,0,244,6,238,0,244,1,243,0,244,7,237,210,24,8,2,244
820848114,0,257,2,255,0,257,0,257,1,256,3,254,231,24,2,0,257
820848115,1,166,0,167,0,167,0,167,0,167,1,166,147,18,2,0,167
820848116,0,194,1,193,1,193,1,193,0,194,3,191,170,15,7,2,194
820848117,37,327,46,318,0,364,10,354,2,362,66,298,230,37,68,29,364
820848118,7,339,13,333,0,346,3,343,1,345,22,324,260,39,30,17,346
820848119,10,336,6,340,0,346,0,346,0,346,16,330,258,50,19,19,346
820848120,3,301,4,300,0,304,2,302,1,303,9,295,226,36,32,10,304
820848121,2,302,2,302,0,304,0,304,1,303,5,299,245,49,7,3,304
820848122,0,217,0,217,0,217,0,217,0,217,0,217,199,17,1,0,217
820848123,10,216,7,219,0,226,2,224,1,225,19,207,174,30,15,7,226
820848201,1,173,0,174,0,174,1,173,1,173,3,171,126,34,10,4,174
820848202,7,192,0,199,1,198,1,198,1,198,10,189,125,48,16,10,199
820848203,7,209,7,209,0,216,1,215,2,214,17,199,137,28,31,20,216
820848204,5,232,2,235,0,237,1,236,0,237,8,229,135,44,28,30,237
820848205,1,302,2,301,1,302,5,298,2,301,10,293,218,67,13,5,303
820848206,1,343,2,342,0,344,1,343,2,342,6,338,244,70,17,13,344
820848207,4,391,2,393,0,395,0,395,0,395,6,389,298,71,18,8,395
820848208,13,324,4,333,2,335,6,331,6,331,30,307,160,63,65,49,337
820848209,12,217,4,225,4,225,2,227,5,224,24,205,41,20,78,90,229
820848210,7,220,1,226,0,227,9,218,1,226,16,211,102,41,49,35,227
820848211,6,190,3,193,1,195,1,195,0,196,9,187,129,37,16,14,196
820848212,4,267,7,264,1,270,6,265,0,271,17,254,127,41,57,46,271
820848213,9,258,4,263,0,267,0,267,3,264,16,251,146,52,43,26,267
820848214,0,211,0,211,0,211,0,211,0,211,0,211,191,12,6,2,211
820848215,13,216,5,224,2,227,4,225,2,227,25,204,83,32,60,54,229
820848216,1,281,4,278,3,279,1,281,0,282,8,274,249,17,13,3,282
820848217,20,360,7,373,4,376,5,375,4,376,37,343,116,38,120,106,380
820848218,7,190,6,191,0,197,1,196,2,195,14,183,97,40,39,21,197
820848219,13,240,6,247,1,252,3,250,3,250,26,227,137,47,37,32,253
820848220,1,228,1,228,1,228,2,227,2,227,7,222,151,49,17,12,229
820848221,7,197,9,195,0,204,3,201,0,204,19,185,114,43,20,27,204
820848222,7,192,0,199,3,196,1,198,0,199,11,188,72,47,45,35,199
820848223,0,254,0,254,0,254,1,253,0,254,1,253,191,54,8,1,254
820848224,7,204,2,209,5,206,1,210,1,210,16,195,121,30,38,22,211
820848225,3,235,6,232,3,235,2,236,4,234,17,221,148,38,34,18,238
820848226,16,304,8,312,2,318,10,310,1,319,33,287,79,39,108,94,320
820848227,15,272,7,280,1,286,3,284,3,284,27,260,71,38,98,80,287
820848228,18,267,10,275,2,283,7,278,5,280,41,244,85,57,70,73,285
820848229,8,205,3,210,2,211,2,211,2,211,15,198,110,37,42,24,213
820848230,1,187,6,182,0,188,4,184,0,188,11,177,109,32,26,21,188
820848231,13,246,1,258,2,257,3,256,1,258,19,240,118,45,54,42,259
820848232,9,269,4,274,0,278,2,276,1,277,15,263,184,52,28,14,278
820848233,0,235,3,232,1,234,1,234,2,233,7,228,200,19,12,4,235
820848234,6,219,0,225,0,225,0,225,1,224,7,218,140,37,29,19,225
820848235,2,189,0,191,0,191,0,191,0,191,2,189,159,16,15,1,191
820848301,3,403,4,402,0,406,0,406,0,406,7,399,335,46,20,5,406
820848302,1,185,0,186,0,186,0,186,1,185,2,184,155,25,3,3,186
820848303,0,294,0,294,0,294,0,294,1,293,1,293,249,31,11,3,294
820848304,1,206,1,206,0,207,0,207,0,207,2,205,166,32,7,2,207
820848305,0,316,3,313,1,315,0,316,1,315,5,311,279,26,10,1,316
820848306,2,296,1,297,0,298,1,297,0,298,4,294,247,38,7,6,298
820848307,2,310,1,311,0,312,1,311,0,312,4,308,268,34,8,2,312
820848308,7,197,6,198,0,204,2,202,0,204,13,191,140,25,15,24,204
820848309,0,229,1,228,0,229,1,228,0,229,2,227,197,25,6,1,229
820848310,0,205,0,205,0,205,0,205,0,205,0,205,178,23,3,1,205
820848311,1,351,1,351,0,352,0,352,3,349,5,347,283,49,13,7,352
820848312,3,238,4,237,0,241,0,241,0,241,7,234,194,36,7,4,241
820848313,2,312,5,309,4,310,1,313,1,313,13,301,227,56,15,16,314
820848314,1,183,3,181,0,184,0,184,0,184,4,180,140,25,12,7,184
820848315,1,303,0,304,0,304,0,304,0,304,1,303,225,56,13,10,304
820848316,1,196,0,197,0,197,1,196,0,197,2,195,174,18,5,0,197
820848317,0,184,1,183,0,184,0,184,0,184,1,183,150,27,6,1,184
820848318,0,171,3,168,1,170,0,171,0,171,4,167,136,28,7,0,171
820848319,1,201,2,200,0,202,0,202,0,202,2,200,162,25,9,6,202
820848401,6,203,4,205,0,209,2,207,0,209,11,198,111,32,43,23,209
820848402,2,289,1,290,0,291,1,290,0,291,4,287,227,34,19,11,291
820848403,0,229,4,225,0,229,2,227,1,228,6,223,176,35,10,8,229
820848404,2,199,3,198,0,201,0,201,2,199,7,194,136,30,17,18,201
820848405,1,302,1,302,0,303,2,301,1,302,4,299,260,33,5,5,303
820848406,0,307,2,305,0,307,0,307,0,307,2,305,230,55,16,6,307
820848407,8,219,2,225,7,220,0,227,2,225,18,209,140,38,30,19,227
820848408,0,284,3,281,0,284,3,281,0,284,5,279,216,46,13,9,284
820848409,2,558,3,557,2,558,2,558,3,557,11,549,388,125,34,13,560
820848410,4,387,6,385,2,389,1,390,2,389,15,376,236,80,52,23,391
820848411,0,203,0,203,0,203,2,201,2,201,4,199,157,34,8,4,203
820848412,24,219,25,218,8,235,1,242,4,239,50,193,63,34,74,72,243
820848413,30,254,3,281,4,280,5,279,4,280,42,242,41,28,92,123,284
820848414,18,236,0,254,1,253,0,254,2,252,21,233,71,33,75,75,254
820848415,8,176,3,181,1,183,3,181,0,184,14,170,84,29,49,22,184
820848416,40,199,4,235,14,225,9,230,4,235,62,177,14,12,91,122,239
820848417,11,202,6,207,2,211,0,213,1,212,19,194,75,34,55,49,213
820848418,16,246,35,227,11,251,6,256,9,253,69,193,23,13,94,132,262
820848419,11,128,2,137,7,132,1,138,3,136,19,120,43,13,39,44,139
820848420,19,249,10,258,2,266,1,267,7,261,32,236,102,49,57,60,268
820848421,3,336,1,338,0,339,1,338,2,337,7,332,240,64,24,11,339
820848422,4,238,4,238,1,241,0,242,0,242,9,233,163,46,25,8,242
820848423,8,206,1,213,1,213,0,214,2,212,12,202,172,25,12,5,214
820848424,1,211,0,212,1,211,1,211,0,212,3,209,188,13,5,6,212
820848425,0,198,4,194,0,198,0,198,1,197,5,193,140,39,11,8,198
820848426,8,309,16,301,0,317,3,314,3,314,23,294,225,66,19,7,317
820848427,9,250,6,253,0,259,0,259,2,257,13,246,196,36,15,12,259
820848428,15,216,3,228,0,231,11,220,4,227,31,200,96,47,55,33,231
820848429,7,259,1,265,4,262,3,263,3,263,18,248,70,56,66,74,266
820848430,2,229,0,231,0,231,1,230,0,231,2,229,200,23,6,2,231
820848501,10,196,10,196,6,200,1,205,5,201,30,176,31,14,79,82,206
820848502,17,280,17,280,0,297,6,291,6,291,42,255,93,56,77,71,297
820848503,7,292,14,285,0,299,8,291,3,296,26,273,179,59,35,26,299
820848504,7,227,4,230,1,233,1,233,1,233,13,221,136,38,34,26,234
820848505,7,267,19,255,0,274,7,267,2,272,29,245,197,48,19,10,274
820848506,2,228,16,214,0,230,1,229,0,230,18,212,172,45,12,1,230
820848507,4,258,2,260,0,262,1,261,0,262,7,255,193,42,16,11,262
820848508,7,290,4,293,2,295,1,296,0,297,10,287,216,56,12,13,297
820848509,8,290,3,295,1,297,0,298,7,291,18,280,157,52,51,38,298
820848510,6,202,3,205,0,208,1,207,0,208,8,200,144,29,27,8,208
820848511,7,285,2,290,0,292,0,292,1,291,10,282,199,56,23,14,292
820848512,6,272,10,268,0,278,2,276,1,277,19,259,172,47,36,23,278
820848513,17,346,26,337,4,359,6,357,3,360,45,318,173,54,78,58,363
820848514,11,174,2,183,4,181,6,179,0,185,19,166,76,56,25,28,185
820848515,11,269,1,279,6,274,1,279,1,279,15,265,177,43,32,28,280
820848516,5,279,5,279,8,276,0,284,0,284,16,268,177,54,35,18,284
820848517,8,153,3,158,4,157,1,160,0,161,16,145,48,23,46,44,161
820848518,36,260,6,290,10,286,1,295,7,289,53,243,78,65,57,96,296
820848519,18,220,10,228,6,232,8,230,4,234,38,200,42,42,76,78,238
820848520,11,325,5,331,4,332,14,322,4,332,37,299,146,80,50,60,336
820848521,10,214,3,221,3,221,4,220,1,223,19,205,134,49,19,22,224
820848522,7,195,6,196,3,199,5,197,1,201,22,180,103,52,27,20,202
820848523,7,142,2,147,3,146,0,149,0,149,11,138,62,29,35,23,149
820848601,8,259,7,260,0,267,2,265,0,267,15,252,178,50,20,19,267
820848602,5,230,4,231,1,234,1,234,0,235,11,224,163,41,19,12,235
820848603,2,333,7,328,0,335,2,333,0,335,11,324,256,58,16,5,335
820848604,11,254,7,258,2,263,2,263,2,263,20,245,122,43,46,54,265
820848605,5,227,4,228,1,231,4,228,1,231,14,218,115,47,32,38,232
820848606,6,237,7,236,0,243,0,243,1,242,14,229,170,51,14,8,243
820848607,4,206,11,199,5,205,7,203,0,210,24,186,100,20,52,38,210
820848608,1,336,6,331,3,334,1,336,1,336,12,325,225,51,43,18,337
820848609,6,196,2,200,0,202,1,201,2,200,11,191,108,38,28,28,202
820848610,7,156,6,157,2,161,1,162,0,163,15,148,43,21,49,50,163
820848611,14,129,1,142,2,141,4,139,2,141,20,123,26,18,51,48,143
820848612,5,263,3,265,6,262,6,262,1,267,20,248,171,48,34,15,268
820848613,1,216,15,202,0,217,3,214,1,216,18,199,138,32,27,20,217
820848614,7,233,1,239,2,238,1,239,2,238,11,229,110,25,59,46,240
820848615,4,193,2,195,1,196,0,197,2,195,8,189,142,38,6,11,197
820848616,7,188,2,193,3,192,1,194,0,195,11,184,112,30,32,21,195
820848617,4,252,4,252,0,256,7,249,1,255,15,241,123,59,47,27,256
820848618,7,178,0,185,1,184,2,183,0,185,9,176,85,39,31,30,185
820848619,12,163,5,170,4,171,0,175,3,172,21,154,57,28,44,46,175
820848620,11,265,1,275,4,272,17,259,5,271,32,244,105,117,16,38,276
820848621,25,229,3,251,4,250,11,243,3,251,39,215,118,79,31,26,254
820848622,2,198,0,200,1,199,2,198,0,200,5,195,115,43,24,18,200
820848701,3,219,2,220,0,222,1,221,0,222,6,216,182,33,5,2,222
820848702,3,210,2,211,0,213,6,207,1,212,11,202,151,45,13,4,213
820848703,2,290,1,291,1,291,0,292,1,291,4,288,232,44,9,7,292
820848704,2,282,1,283,1,283,5,279,2,282,11,273,198,45,24,17,284
820848705,1,221,2,220,0,222,5,217,1,221,8,214,145,50,17,10,222
820848706,6,569,1,574,1,574,2,573,6,569,15,560,320,106,79,70,575
820848707,12,295,5,302,2,305,5,302,3,304,25,282,143,37,74,53,307
820848708,8,242,14,236,0,250,6,244,5,245,28,222,165,58,13,14,250
820848709,5,344,2,347,0,349,4,345,6,343,15,334,255,70,15,9,349
820848710,4,251,5,250,0,255,4,251,3,252,15,240,184,41,20,10,255
820848711,5,249,6,248,2,252,2,252,2,252,16,238,156,51,20,27,254
820848712,4,260,4,260,0,264,0,264,1,263,9,255,165,33,41,25,264
820848713,7,297,4,300,4,300,3,301,2,302,19,285,201,71,14,18,304
820848714,7,230,2,235,0,237,4,233,1,236,13,224,173,36,19,9,237
820848715,8,220,1,227,0,228,6,222,1,227,16,212,166,44,13,5,228
820848716,8,213,9,212,0,221,3,218,0,221,19,202,167,33,17,4,221
820848717,0,212,4,208,0,212,2,210,0,212,6,206,146,39,14,13,212
820848718,0,187,0,187,0,187,0,187,0,187,0,187,145,31,8,3,187
820848719,1,250,1,250,1,250,1,250,0,251,4,247,195,46,9,1,251