CodigoRadioCensal,1,2,3,4,5,6,7,8,9,10,11,12,13,14,15,16,17,18,19,Total
820840301,60,50,51,58,36,5,6,1,0,0,0,0,0,0,0,0,0,0,0,267
820840302,39,58,65,67,43,7,4,1,1,0,0,0,0,0,0,0,0,0,0,285
820840303,50,47,47,53,30,6,4,2,1,0,0,0,0,0,0,0,0,0,0,240
820840304,97,81,107,77,54,14,5,3,0,0,0,0,0,0,1,0,0,0,0,439
820840305,62,60,50,41,25,4,0,1,0,0,0,0,0,0,0,0,0,0,0,243
820840306,54,83,79,72,40,17,3,1,1,1,0,0,0,0,0,0,0,0,0,351
820840307,18,35,41,56,37,10,4,0,0,0,0,0,0,0,0,0,0,0,0,201
820840308,61,60,48,35,21,1,4,0,0,0,0,0,0,0,0,0,0,0,0,230
820840309,18,39,39,65,33,10,1,2,0,0,0,0,0,0,0,0,0,0,0,207
820840310,31,35,56,44,47,10,5,2,2,0,0,0,0,0,0,0,0,0,0,232
820840311,61,67,77,65,68,8,4,1,1,0,1,1,0,0,0,0,0,0,0,354
820840312,135,102,94,61,31,3,2,1,2,0,0,0,0,0,0,0,0,0,0,431
820840313,61,58,34,46,31,11,2,3,0,0,0,0,0,0,0,0,0,0,0,246
820840314,70,70,59,80,57,9,6,3,1,0,0,0,0,0,0,0,0,0,0,355
820840315,28,32,59,64,27,3,2,0,0,0,0,0,0,0,0,0,0,0,0,215
820840316,25,45,58,44,32,15,2,2,0,0,0,0,0,0,0,0,0,0,0,223
820840317,21,41,55,60,36,13,3,1,1,0,0,0,0,0,0,0,0,0,0,231
820840318,27,47,48,50,28,9,4,3,0,0,0,0,0,0,0,0,0,0,0,216
820840319,23,32,72,76,72,10,5,5,1,0,0,0,0,0,0,0,0,0,0,296
820840320,25,37,42,50,46,7,1,0,2,2,0,0,0,0,0,0,0,0,0,212
820840321,44,45,31,35,29,9,0,0,0,0,0,0,1,0,0,0,0,0,0,194
820840322,41,44,55,37,22,10,2,1,0,0,0,0,0,0,0,0,0,0,0,212
820840323,50,70,47,47,18,4,3,0,2,0,0,0,0,0,0,0,0,0,0,241
820840324,39,48,51,91,32,5,2,1,0,0,0,0,0,0,0,0,0,0,0,269
820840325,12,11,19,22,15,6,1,0,0,0,0,0,0,0,0,0,0,0,0,86
820840326,27,23,34,83,53,15,10,6,0,0,0,0,0,0,0,0,0,0,0,251
820840327,16,35,36,49,47,16,1,2,2,0,0,0,0,0,0,0,0,0,0,204
820840328,27,40,29,55,42,15,5,0,0,0,0,0,0,0,0,0,0,0,0,213
820840329,65,71,55,71,26,9,1,3,0,0,0,0,0,0,0,0,0,0,0,301
820840330,23,35,50,64,26,7,3,0,0,0,0,0,0,0,0,0,0,0,0,208
820840331,17,32,44,73,21,8,3,0,0,0,0,0,0,0,0,0,0,0,0,198
820840332,13,12,7,23,23,5,1,0,0,1,0,0,0,0,0,0,0,0,0,85
820840333,38,40,55,48,37,6,5,1,0,0,0,0,0,0,0,0,0,0,0,230
820840334,51,62,61,52,57,10,5,1,1,0,0,0,0,0,0,0,0,0,0,300
820840335,36,50,48,49,42,15,4,0,0,1,0,0,0,0,0,0,0,0,0,245
820840336,56,80,68,67,50,11,7,2,0,1,0,0,0,0,0,0,0,0,0,342
820840337,54,78,79,64,57,16,8,2,0,1,0,0,0,0,0,0,0,0,0,359
820840338,35,35,47,38,35,4,2,0,1,0,0,0,0,0,0,0,0,0,0,197
820840339,56,65,56,40,35,5,2,0,0,0,0,0,0,1,0,0,0,0,0,260
820840401,39,53,42,45,14,6,1,0,0,1,0,0,1,0,0,0,0,0,0,202
820840402,81,87,69,42,14,5,1,0,0,0,0,0,0,0,0,0,0,0,0,299
820840403,101,105,75,47,26,5,0,1,1,0,0,0,0,0,0,0,0,0,0,361
820840404,43,60,45,40,21,4,2,2,1,0,0,0,0,0,0,0,0,0,0,218
820840405,46,68,34,37,10,3,0,0,0,0,0,0,0,0,0,0,0,0,0,198
820840406,112,114,72,59,24,6,0,1,0,0,0,0,0,0,0,0,0,0,0,388
820840407,60,62,43,39,13,4,0,0,0,0,0,0,0,0,0,0,0,0,0,221
820840408,72,77,68,53,28,2,1,0,0,0,0,0,0,0,0,0,0,0,0,301
820840409,71,63,39,33,15,4,1,0,0,0,0,0,0,0,0,0,0,0,0,226
820840410,70,76,49,52,12,6,0,0,0,0,0,0,0,0,0,0,0,0,0,265
820840411,89,101,62,41,15,5,3,0,1,0,0,0,0,0,0,0,0,0,0,317
820840412,99,77,54,53,28,5,3,0,0,0,0,0,0,0,0,0,0,0,0,319
820840413,46,42,54,36,17,4,1,0,1,1,0,0,0,0,0,0,0,0,0,202
820840414,73,90,50,39,17,6,1,2,0,0,0,0,0,0,0,0,0,0,0,278
820840415,68,54,39,33,12,3,1,2,0,0,0,0,0,0,0,0,0,0,0,212
820840416,42,38,20,20,9,1,0,0,0,0,0,0,0,0,0,0,0,0,0,130
820840417,27,26,15,17,11,0,0,0,0,0,0,0,0,0,0,0,0,0,0,96
820840418,45,40,24,33,9,2,2,1,0,0,0,0,0,0,0,0,0,0,0,156
820840419,26,22,19,10,1,1,0,0,0,0,0,0,0,0,0,0,0,0,0,79
820840420,100,110,59,62,20,5,2,1,0,0,0,0,0,0,0,0,0,0,0,359
820840421,44,79,62,37,13,2,0,0,0,0,0,0,0,0,0,0,0,0,0,237
820840422,55,74,64,37,25,5,2,1,0,0,0,0,0,0,0,0,0,0,0,263
820840423,58,53,32,37,14,3,1,1,1,0,1,0,1,0,0,0,0,0,0,202
820840424,58,76,41,38,19,2,0,0,0,0,0,0,0,0,0,0,0,0,0,234
820840425,39,49,52,51,31,2,4,1,0,0,0,0,0,0,0,0,0,0,0,229
820840426,20,42,31,52,17,2,2,0,0,1,0,0,0,0,0,0,0,0,0,167
820840427,40,58,57,72,62,15,8,3,0,0,0,0,0,0,0,0,0,0,0,315
820840428,54,48,50,66,46,8,4,0,0,0,0,0,0,0,0,0,0,0,0,276
820840429,80,68,102,95,50,8,3,1,0,0,0,1,0,0,0,0,0,0,0,408
820840430,37,64,38,33,9,4,0,0,0,0,0,0,0,0,0,0,0,0,0,185
820840501,66,77,47,37,12,8,0,0,0,0,0,0,0,0,0,0,0,0,0,247
820840502,100,128,61,62,22,6,1,0,0,0,0,0,0,0,0,0,0,0,0,380
820840503,66,72,54,42,25,3,2,0,1,0,0,0,0,0,0,0,0,0,0,265
820840504,42,54,31,32,8,1,1,0,0,0,0,0,0,0,0,0,0,0,0,169
820840505,120,100,71,46,26,8,1,1,0,0,0,0,0,0,0,0,0,0,0,373
820840506,76,63,32,35,18,0,0,2,0,0,0,0,0,0,0,0,0,0,0,226
820840507,109,101,50,60,19,3,1,0,0,0,0,0,0,0,0,0,0,0,0,343
820840508,62,62,39,19,6,2,1,0,0,0,0,0,0,0,0,0,0,0,0,191
820840509,116,85,65,58,16,0,0,0,0,0,0,0,0,0,0,0,0,0,0,340
820840510,71,81,52,45,12,2,1,1,0,0,0,0,0,0,0,0,0,0,0,265
820840511,73,98,53,59,20,3,1,0,0,0,0,0,0,0,0,0,0,0,0,307
820840512,62,37,34,39,4,0,0,0,0,0,0,0,0,0,0,0,0,0,0,176
820840513,53,67,51,40,17,4,0,0,0,0,0,0,0,0,0,0,0,0,0,232
820840514,84,66,42,33,9,0,0,1,0,0,0,0,0,0,0,0,0,0,0,235
820840515,40,64,42,37,11,3,0,0,0,0,0,0,0,0,0,0,0,0,0,197
820840516,74,111,51,54,21,5,0,1,0,0,0,0,0,0,0,0,0,0,0,317
820840517,103,122,69,46,16,3,1,2,0,0,0,0,0,0,0,0,0,0,0,362
820840518,54,66,39,36,7,0,2,0,0,0,0,0,0,0,0,0,0,0,0,204
820840519,58,56,32,31,10,1,0,0,0,0,0,0,0,0,0,0,0,0,0,188
820840520,58,71,47,33,13,3,2,0,0,0,0,0,0,0,0,0,0,0,0,227
820840521,48,46,29,26,9,4,2,0,0,0,1,0,0,0,0,0,0,0,0,165
820840522,54,48,31,30,10,5,2,0,0,0,0,0,0,0,0,0,0,0,0,180
820840523,52,64,40,24,11,2,3,0,0,0,0,0,0,0,0,0,0,0,0,196
820840524,49,61,35,41,9,3,0,0,0,0,0,0,0,0,0,0,0,0,0,198
820840601,79,80,49,50,21,2,1,0,0,1,0,0,0,0,0,0,0,0,0,283
820840602,89,109,62,56,20,5,2,2,0,0,0,0,0,0,0,0,0,0,0,345
820840603,80,90,74,46,30,3,1,3,0,0,0,0,0,0,0,0,0,0,0,327
820840604,69,51,60,48,38,6,3,5,0,0,0,0,1,0,0,0,0,0,0,281
820840605,29,54,29,36,35,3,3,2,0,0,0,0,0,0,0,0,0,0,0,191
820840606,77,89,87,57,43,15,1,1,0,0,0,0,0,0,0,0,0,0,0,370
820840607,76,81,62,43,13,1,0,0,0,0,0,0,0,0,0,0,0,0,0,276
820840608,74,97,53,42,21,2,3,0,0,0,0,0,0,0,0,0,0,0,0,292
820840609,80,70,55,33,8,6,1,0,0,0,0,0,0,0,0,0,0,0,0,253
820840610,87,111,75,79,35,10,1,1,0,0,0,0,0,0,0,0,0,0,0,399
820840611,94,130,73,66,25,10,2,1,0,0,0,0,0,0,0,0,0,0,0,401
820840612,41,54,36,34,10,6,0,1,1,0,0,0,0,0,0,0,0,0,0,183
820840613,37,54,30,33,13,4,4,0,1,1,0,0,0,0,0,0,0,0,0,177
820840614,51,62,46,41,17,5,0,2,0,1,0,0,0,0,0,0,0,0,0,225
820840615,88,62,59,50,34,7,2,1,0,1,0,0,0,0,0,0,0,0,0,304
820840616,37,43,43,49,57,6,3,3,2,1,0,0,0,0,0,0,0,0,0,244
820840617,56,107,80,64,29,11,3,1,0,0,0,1,0,0,0,0,0,0,0,352
820840618,88,70,70,54,28,11,6,5,1,1,0,0,0,0,0,0,0,0,0,334
820840619,42,78,51,55,33,7,3,1,1,0,0,0,0,0,0,0,0,0,0,271
820840620,74,95,57,46,29,8,2,0,0,0,0,0,0,0,0,0,0,0,0,311
820840621,71,78,49,36,14,5,1,1,0,0,0,0,0,0,0,0,0,0,0,255
820840622,82,87,63,48,36,1,2,3,0,0,0,0,0,0,0,0,0,0,0,322
820840623,51,68,82,85,57,9,6,4,1,0,0,0,0,0,0,0,0,0,0,363
820840624,58,61,44,36,20,6,3,1,0,0,0,0,0,0,0,0,0,0,0,229
820840625,49,38,27,42,24,6,4,2,3,1,0,0,0,0,0,0,0,0,0,196
820840626,30,26,23,31,33,9,2,0,0,0,0,0,0,0,0,0,0,0,0,154
820840627,49,56,41,23,19,9,0,0,1,0,1,0,0,0,0,0,0,0,0,199
820840628,54,67,45,34,21,6,3,0,1,0,0,0,0,0,0,0,0,0,0,231
820840629,62,84,53,43,32,8,3,5,0,0,0,0,0,0,0,0,0,0,0,290
820840630,43,54,55,50,65,12,3,1,2,0,0,0,0,0,0,0,0,0,0,285
820840701,64,55,63,53,40,5,3,2,1,1,0,0,0,0,0,0,0,0,0,287
820840702,68,63,71,56,47,10,3,2,1,1,0,0,1,0,0,0,0,0,0,323
820840703,51,58,52,46,23,11,1,1,1,0,0,0,0,0,0,0,0,0,0,244
820840704,52,63,62,52,36,10,3,1,2,0,1,0,0,0,0,0,0,0,0,282
820840705,44,50,46,30,19,8,1,0,0,0,0,0,0,0,0,0,0,0,0,198
820840706,39,53,69,47,28,9,2,1,3,0,0,0,0,0,0,0,0,0,0,251
820840707,82,71,79,71,54,14,4,2,1,1,0,1,0,0,0,0,0,0,0,380
820840708,73,73,52,45,36,10,6,0,3,0,0,1,0,0,0,0,0,0,0,299
820840709,78,40,48,35,17,7,4,0,0,0,0,0,0,0,0,0,0,0,0,229
820840710,85,56,36,41,11,1,1,0,0,0,0,0,0,0,0,0,0,0,0,231
820840711,86,70,62,41,10,3,1,0,0,0,0,0,0,0,0,0,0,0,0,273
820840712,99,103,66,56,11,6,0,0,0,0,0,0,0,0,0,0,0,0,0,341
820840713,43,57,37,34,14,4,2,0,0,0,0,0,0,0,0,0,0,0,0,191
820840714,86,76,61,46,14,5,0,1,0,0,0,0,0,0,0,0,0,0,0,289
820840715,101,105,64,55,17,6,2,1,1,0,0,0,0,0,0,0,0,0,0,352
820840716,65,64,48,38,21,6,0,0,0,0,0,0,0,0,0,0,0,0,0,242
820840717,55,60,51,49,26,8,1,1,1,0,0,0,0,0,0,0,0,0,0,252
820840718,53,49,45,38,26,7,4,0,0,0,0,0,0,0,0,0,0,0,0,222
820840719,107,87,55,41,12,2,3,0,0,0,0,0,0,0,0,0,0,0,0,307
820840720,109,76,33,22,10,1,0,0,0,0,0,0,0,0,0,0,0,0,0,251
820840721,68,57,47,49,44,7,7,1,0,0,0,0,0,0,0,0,0,0,0,280
820840722,37,39,26,11,11,6,0,0,0,0,0,0,0,0,0,0,0,0,0,130
820840723,93,70,65,52,28,4,3,0,2,0,0,0,0,0,0,0,0,0,0,317
820840724,51,61,70,72,33,5,4,1,1,1,0,0,0,0,0,0,0,0,0,299
820840725,29,51,60,36,32,13,3,1,0,0,0,0,0,0,0,0,0,0,0,225
820840726,39,52,44,45,29,6,0,0,2,1,0,0,0,0,0,0,0,0,0,218
820840727,32,44,41,38,37,5,2,0,0,0,0,0,0,0,0,0,0,0,0,199
820840728,32,49,50,50,35,7,2,5,3,0,1,1,0,0,0,0,0,0,0,235
820840729,48,67,49,42,20,4,2,0,1,0,0,0,0,0,0,0,0,0,0,233
820840730,47,72,73,79,85,13,12,5,5,2,1,0,0,0,0,0,0,0,0,394
820840731,82,60,43,45,39,8,0,3,2,0,0,0,0,0,0,0,0,0,0,282
820840732,54,39,33,25,15,4,0,0,1,0,1,0,0,0,0,0,0,0,0,172
820840733,51,54,36,32,8,4,0,0,0,0,0,0,0,0,0,0,0,0,0,185
820840734,57,41,56,49,49,12,8,5,2,0,0,0,0,0,0,0,0,0,0,279
820840801,44,35,32,24,11,3,0,0,0,0,0,0,0,0,0,0,0,0,0,149
820840802,89,64,29,23,6,0,3,0,0,0,0,0,0,0,0,0,0,0,0,214
820840803,88,52,28,29,14,3,0,1,0,0,0,0,0,0,0,0,0,0,0,215
820840804,99,47,22,16,7,0,0,0,0,0,0,0,0,0,0,0,0,0,0,191
820840805,81,71,37,26,10,2,0,1,0,0,0,0,0,0,0,0,0,0,0,228
820840806,91,86,62,65,17,4,0,0,0,0,0,0,0,0,0,0,0,0,0,325
820840807,90,78,47,46,23,6,6,0,1,0,0,0,0,0,0,0,0,0,0,297
820840808,118,127,75,72,18,6,0,0,0,0,0,0,0,0,0,0,0,0,0,416
820840809,65,54,30,12,4,1,0,1,1,0,0,0,0,0,0,0,0,0,0,168
820840810,119,120,54,37,16,4,0,0,0,0,0,0,0,0,0,0,0,0,0,350
820840811,126,87,84,71,67,21,9,2,0,0,0,0,0,0,0,0,0,0,0,467
820840812,79,83,32,32,3,1,0,0,0,0,0,0,0,0,0,0,0,0,0,230
820840813,53,49,36,32,14,1,1,1,0,0,0,0,0,0,0,0,0,0,0,187
820840814,86,72,44,32,5,0,0,0,0,0,0,0,0,0,0,0,0,0,0,239
820840815,78,76,44,28,10,2,0,0,0,0,0,0,0,0,0,0,0,0,0,238
820840816,62,56,37,17,3,4,0,1,0,0,0,0,0,0,0,0,0,0,0,180
820840817,102,65,26,25,3,0,1,0,0,0,0,0,0,0,0,0,0,0,0,222
820840901,141,92,61,48,22,0,0,0,0,0,0,0,0,0,0,0,0,0,0,364
820840902,64,55,36,28,15,2,0,0,0,0,0,0,0,0,0,0,0,0,0,200
820840903,119,77,50,46,6,3,0,1,0,1,0,0,0,0,0,0,0,0,0,303
820840904,115,96,55,49,13,4,1,0,0,0,0,0,0,0,0,0,1,0,0,334
820840905,73,62,30,28,9,0,0,0,0,0,0,0,0,0,0,0,0,0,0,202
820840906,97,95,52,54,11,3,2,1,0,0,0,0,0,0,0,0,0,0,0,315
820840907,36,32,42,52,30,11,3,1,1,0,0,0,0,0,0,0,0,0,0,208
820840908,77,90,53,57,21,4,0,0,0,0,0,0,0,0,0,0,0,0,0,302
820840909,110,59,37,28,7,1,0,0,0,0,0,0,0,0,0,0,0,0,0,242
820840910,89,77,36,29,4,2,0,0,0,0,0,0,0,0,0,0,0,0,0,237
820840911,77,65,30,30,10,3,1,1,1,0,0,0,0,0,0,0,0,0,0,218
820840912,98,46,37,22,2,0,0,0,0,0,0,0,0,0,0,0,0,0,0,205
820840913,63,51,32,24,9,0,1,0,1,0,0,0,0,0,0,0,0,0,0,181
820840914,62,57,36,22,8,3,0,1,0,0,0,0,0,0,0,0,0,0,0,189
820841001,55,66,48,22,36,12,1,0,0,0,1,0,0,0,0,0,0,0,0,241
820841002,45,57,52,45,31,11,3,2,2,0,0,0,0,0,0,0,0,0,0,248
820841003,44,44,43,42,27,10,6,4,0,1,0,0,0,0,0,0,0,0,0,221
820841004,61,69,76,75,46,14,3,5,1,1,0,0,0,0,0,0,0,0,0,351
820841005,50,51,66,61,33,4,3,2,0,1,0,0,0,0,0,0,0,1,0,272
820841006,73,61,77,57,39,9,6,4,0,0,0,0,0,0,0,0,0,0,0,326
820841007,62,69,52,43,37,7,5,1,0,1,0,0,0,0,0,0,0,0,0,277
820841008,67,64,59,39,32,6,2,0,2,0,0,0,0,0,0,0,0,0,0,271
820841009,45,52,41,41,19,5,4,0,0,0,0,0,0,0,0,0,0,0,0,207
820841010,48,71,72,79,53,12,5,6,0,1,1,0,0,0,0,0,0,0,0,348
820841011,73,68,46,33,26,9,4,1,0,0,0,0,0,0,0,0,0,0,0,260
820841012,34,44,55,43,23,10,2,0,0,0,0,0,0,0,0,0,0,0,0,211
820841013,60,61,62,42,23,7,1,2,1,0,2,0,0,0,0,0,0,0,0,261
820841014,67,70,60,43,15,5,2,0,1,0,0,0,0,0,0,0,0,0,0,263
820841015,91,89,58,46,30,5,3,1,0,0,0,1,0,0,0,0,0,0,0,324
820841016,39,40,26,21,12,4,0,0,0,0,0,0,0,0,0,0,0,0,0,142
820841017,53,53,30,34,16,6,1,0,1,0,0,0,0,0,0,0,0,0,0,194
820841018,17,33,38,42,24,5,3,1,0,0,0,0,0,0,0,0,0,0,0,163
820841019,29,42,56,55,61,7,4,1,1,0,0,0,0,0,0,0,0,0,0,256
820841020,85,80,69,77,86,12,5,3,4,1,0,1,0,0,0,0,0,0,0,423
820841021,37,48,46,55,59,15,10,4,0,0,1,0,0,0,0,0,0,0,0,275
820841022,28,33,56,30,37,6,4,2,1,1,1,0,0,0,0,0,0,0,0,199
820841023,31,39,37,29,14,4,3,1,2,2,0,0,0,0,0,0,0,0,0,162
820841024,74,55,57,60,37,17,6,1,2,0,0,0,0,0,0,0,0,0,0,309
820841025,64,51,50,48,38,7,5,2,1,1,0,1,0,0,0,0,0,0,0,268
820841026,59,52,39,42,22,10,1,2,2,0,1,0,0,0,0,0,0,0,0,230
820841027,42,61,51,59,36,5,7,3,1,0,0,0,0,0,0,0,0,0,0,265
820841028,57,46,44,38,24,8,1,2,0,0,0,0,0,0,0,0,0,0,0,220
820841029,46,49,49,31,29,7,3,0,2,0,0,0,0,0,0,0,0,0,0,216
820841030,51,52,49,45,30,9,5,2,2,0,0,0,0,0,0,0,0,0,0,245
820841031,44,51,51,47,34,9,4,2,1,1,0,0,0,0,0,0,0,0,0,244
820841032,28,55,71,66,39,7,3,1,0,0,0,0,1,0,0,0,0,0,0,271
820841033,26,29,40,33,34,5,5,0,1,0,0,0,0,0,0,0,0,0,0,173
820841034,40,50,32,29,29,8,1,1,0,0,0,0,0,0,0,0,0,0,0,190
820841035,50,44,46,49,50,14,2,0,0,0,0,0,0,0,0,0,0,0,0,255
820841036,50,51,36,41,32,4,2,2,1,0,0,0,0,0,0,0,0,0,0,219
820841037,34,52,67,48,43,8,1,1,1,0,0,0,0,0,0,0,0,0,0,255
820841101,59,66,53,62,26,8,0,2,0,0,0,0,0,0,0,0,0,0,0,276
820841102,42,84,59,27,16,3,2,2,0,0,0,0,0,0,0,0,0,0,0,235
820841103,77,102,78,57,31,10,1,0,0,1,0,0,0,0,0,0,0,0,0,357
820841104,76,86,66,39,21,4,2,1,0,0,0,0,0,0,0,0,0,0,0,295
820841105,75,80,82,61,42,8,8,2,1,0,0,0,0,0,0,0,0,0,0,359
820841106,78,86,67,71,41,17,7,2,1,0,1,1,0,0,0,0,0,0,0,372
820841107,62,69,58,67,29,8,2,1,1,0,0,0,0,0,0,0,0,0,0,297
820841108,74,101,75,49,12,8,0,1,0,0,0,0,0,0,0,0,0,0,0,320
820841109,2,8,12,5,4,0,0,0,0,0,0,0,0,0,0,0,0,0,0,31
820841110,63,77,60,66,21,5,1,0,0,0,0,0,0,0,0,0,0,0,0,293
820841111,106,105,79,55,38,5,0,0,0,0,0,0,0,0,0,0,0,0,0,388
820841112,90,110,51,54,26,2,2,2,0,0,0,0,0,0,0,0,0,0,0,337
820841113,39,45,28,34,26,12,6,2,2,0,0,0,0,0,0,0,0,0,0,194
820841114,48,48,41,33,30,6,4,1,0,0,0,0,0,0,0,0,0,0,0,211
820841115,76,83,48,44,16,6,1,1,1,0,0,0,0,0,0,0,0,0,0,276
820841116,81,96,58,60,27,11,1,1,1,0,0,0,0,0,0,0,0,0,0,336
820841117,95,125,71,62,24,5,1,0,0,0,0,0,0,0,0,0,0,0,0,383
820841118,80,104,67,52,22,4,2,0,1,0,0,0,0,0,0,0,0,0,0,332
820841119,98,97,70,50,22,7,2,1,0,0,0,0,0,0,0,0,0,0,0,347
820841120,61,56,47,43,26,4,2,1,0,0,0,1,0,0,0,0,0,0,0,241
820841121,63,73,56,49,15,4,1,1,0,0,0,0,0,0,0,0,0,0,0,262
820841122,46,46,79,68,29,6,1,1,3,0,1,0,0,0,0,0,0,0,0,280
820841123,54,66,43,43,17,4,3,0,0,0,0,0,0,0,0,0,0,0,0,230
820841201,77,47,47,47,43,13,4,0,2,1,0,0,0,0,0,0,0,0,0,281
820841202,76,77,74,98,77,21,9,12,7,1,1,0,0,0,0,0,1,0,0,454
820841203,76,87,74,65,45,15,4,2,0,0,0,0,0,0,0,0,0,0,0,368
820841204,39,51,58,68,62,13,6,4,0,0,0,1,1,1,0,0,0,0,0,304
820841205,79,80,76,57,32,9,1,0,2,0,0,0,0,0,0,0,0,0,0,336
820841206,106,82,62,48,36,11,4,6,1,1,0,0,0,0,0,0,0,0,0,357
820841207,55,68,59,39,28,7,2,1,1,0,0,0,0,0,0,0,0,0,0,260
820841208,53,63,47,46,23,12,2,2,1,2,0,0,0,0,0,0,0,0,0,251
820841209,48,77,51,61,69,13,8,6,1,0,0,0,0,0,0,0,0,0,0,334
820841210,68,57,79,55,39,12,3,4,0,0,1,0,1,0,0,0,0,0,0,319
820841211,45,31,42,51,44,11,2,0,2,0,1,0,0,0,0,0,0,0,0,229
820841212,59,60,56,50,21,5,6,1,0,0,0,0,0,0,0,0,0,0,0,258
820841213,39,46,38,33,28,4,4,0,0,1,0,0,0,0,0,0,0,0,0,193
820841214,70,61,36,24,27,2,1,1,0,0,0,0,0,0,0,0,0,0,0,222
820841215,62,93,63,57,22,17,3,0,1,0,0,1,0,0,0,0,0,0,0,319
820841216,67,57,43,40,22,7,1,0,1,0,0,0,0,0,0,0,0,0,0,238
820841217,84,64,60,38,34,11,1,1,1,0,0,0,0,0,0,0,0,0,0,294
820841218,46,52,36,41,25,8,1,1,1,0,0,1,0,0,0,0,0,0,0,212
820841219,33,57,51,51,50,9,6,6,1,3,0,0,0,0,0,0,0,0,0,267
820841220,68,52,70,44,43,14,4,0,2,1,0,0,1,0,0,0,0,0,0,299
820841221,98,71,65,69,45,10,5,4,2,0,1,0,0,0,0,0,0,0,0,370
820841222,66,55,37,44,25,15,4,5,1,1,0,0,0,0,0,0,0,0,0,253
820841223,51,57,45,55,31,8,3,2,0,1,0,0,0,0,0,0,0,0,0,253
820841224,64,62,46,47,35,9,6,4,1,0,0,0,0,0,0,0,0,0,0,274
820841225,36,27,31,30,38,10,2,5,4,1,0,0,0,0,0,1,0,0,0,185
820841226,44,43,50,57,46,8,8,2,1,0,0,0,0,0,0,0,0,0,0,259
820841227,44,40,28,27,13,4,2,0,0,0,0,0,0,0,0,0,0,0,0,158
820841228,49,54,52,56,52,14,7,1,2,1,0,1,0,0,0,0,0,0,0,289
820841301,93,112,68,42,36,6,2,1,0,0,0,0,0,0,0,0,0,0,0,360
820841302,65,44,52,40,6,6,0,0,1,0,0,0,0,0,0,0,0,0,0,214
820841303,36,49,58,43,36,11,3,1,0,0,0,0,0,0,0,0,0,0,0,237
820841304,66,74,42,54,35,8,2,3,0,0,0,0,0,0,0,0,0,0,0,284
820841305,75,93,62,44,25,3,1,0,0,0,0,0,0,0,0,0,0,0,0,303
820841306,88,97,83,60,50,8,6,0,1,1,0,0,0,0,0,0,0,0,0,394
820841307,80,75,59,55,37,11,1,3,0,1,0,0,0,0,0,0,0,0,0,322
820841308,91,87,71,78,38,7,4,2,1,1,0,0,0,0,0,0,0,0,0,380
820841309,61,54,37,23,9,2,0,1,0,0,0,0,0,0,0,0,0,0,0,187
820841310,58,68,42,34,11,1,0,0,0,0,0,0,0,0,0,0,0,0,0,214
820841311,47,50,39,31,12,3,4,0,0,0,0,0,0,0,0,0,0,0,0,186
820841312,101,93,41,37,12,4,0,0,0,0,0,0,0,0,0,0,0,0,0,288
820841313,56,74,57,37,23,6,2,0,0,0,0,0,0,0,0,0,0,0,0,255
820841314,69,80,68,64,33,6,4,2,0,0,0,0,0,1,0,0,0,0,0,327
820841315,27,59,42,37,27,7,3,6,0,0,0,0,0,0,0,0,0,0,0,208
820841316,38,45,28,33,18,7,0,0,0,0,0,0,0,0,0,0,0,0,0,169
820841317,31,35,28,32,15,4,2,0,1,0,0,0,0,1,0,0,0,0,0,149
820841318,41,42,24,21,18,5,0,0,1,0,0,0,0,0,0,0,0,0,0,152
820841319,36,32,19,16,9,3,1,1,0,0,0,0,0,0,0,0,0,0,0,117
820841320,41,45,35,33,25,0,1,0,3,0,1,0,1,0,0,0,0,0,0,185
820841401,73,72,57,48,29,6,4,0,0,0,0,0,0,0,0,0,0,0,0,289
820841402,98,75,45,38,3,3,0,0,0,0,0,0,0,0,0,0,0,0,0,262
820841403,74,51,33,18,6,3,0,0,0,0,0,0,0,0,0,0,0,0,0,185
820841404,82,96,67,69,20,6,1,0,0,1,0,0,0,0,0,0,0,0,0,342
820841405,81,60,59,38,20,4,2,0,1,1,0,0,0,0,0,0,0,0,0,266
820841406,101,93,63,60,24,8,3,2,1,0,0,0,0,0,0,0,0,0,0,355
820841407,79,105,61,44,22,6,0,2,0,0,0,0,0,0,0,0,0,0,0,319
820841408,106,87,57,49,17,4,1,1,0,0,0,0,0,0,0,0,0,0,0,322
820841409,59,65,48,39,18,2,1,1,0,0,0,0,0,0,0,0,0,0,0,233
820841410,88,88,71,62,32,2,1,2,0,0,0,0,0,0,0,0,0,0,0,346
820841411,60,46,38,32,6,3,3,0,1,0,2,0,0,0,0,0,0,0,0,191
820841412,54,39,28,25,6,2,1,0,0,0,0,0,0,0,0,0,0,0,0,155
820841501,231,161,64,82,23,7,1,0,0,0,0,0,0,0,0,0,0,0,0,569
820841502,76,84,45,28,15,4,3,0,2,0,0,0,0,0,0,0,0,0,0,257
820841503,117,107,54,34,19,3,1,0,0,0,0,0,0,0,0,0,0,0,0,335
820841504,129,98,78,49,22,3,1,0,1,1,0,0,0,0,0,0,0,0,0,382
820841505,66,68,53,47,14,3,0,1,0,0,0,0,0,0,0,0,0,0,0,252
820841506,107,95,54,36,11,7,2,0,0,0,0,0,0,0,0,0,0,0,0,312
820841507,85,94,68,73,27,11,5,2,2,0,0,0,0,0,0,0,0,0,0,367
820841508,172,124,99,90,21,4,0,2,0,0,0,0,0,0,0,0,0,0,0,512
820841509,47,39,15,19,6,3,1,1,0,0,0,0,0,0,0,0,0,0,0,131
820841510,44,46,27,19,7,5,1,1,0,0,0,0,0,0,0,0,0,0,0,150
820841511,73,78,49,50,28,4,2,3,0,1,0,0,0,0,0,0,0,0,0,288
820841512,122,52,23,10,6,1,0,0,0,0,0,0,0,0,0,0,0,0,0,214
820841513,104,80,46,37,16,0,4,0,0,0,0,0,0,0,0,0,0,0,0,287
820841601,109,75,40,17,1,2,1,0,0,0,0,0,0,0,0,0,0,0,0,245
820841602,101,70,41,19,8,2,1,0,0,0,0,0,0,0,0,0,0,0,0,242
820841603,113,90,44,26,10,2,2,0,0,0,0,0,0,0,0,0,0,0,0,287
820841604,119,115,72,34,11,3,0,0,0,0,0,0,0,0,0,0,0,0,0,354
820841605,86,67,33,24,5,1,1,0,0,0,0,0,0,0,0,0,0,0,0,217
820841606,123,79,35,26,10,2,0,0,0,0,0,0,0,0,0,0,0,0,0,275
820841607,169,79,34,14,2,2,0,0,0,0,0,1,0,0,0,0,0,0,0,301
820841608,154,84,36,32,9,1,1,0,0,0,0,0,0,0,0,0,0,0,0,317
820841609,131,58,33,24,7,2,0,0,0,0,0,0,0,0,0,0,0,0,0,255
820841610,110,58,22,19,9,1,0,0,0,0,0,0,0,0,0,0,0,0,0,219
820841611,109,84,40,32,9,2,1,0,0,0,0,0,0,0,0,0,0,0,0,277
820841612,74,63,27,8,3,1,0,0,0,0,0,0,0,0,0,0,0,0,0,176
820841613,87,45,29,11,1,0,1,0,0,0,0,0,0,0,1,0,0,0,0,175
820841614,91,53,32,16,6,0,1,0,1,0,0,0,0,0,0,0,0,0,0,200
820841615,94,50,36,25,4,2,0,1,0,0,0,0,0,0,0,0,0,0,0,212
820841616,96,87,40,29,16,2,0,0,0,0,0,0,0,0,0,0,0,0,0,270
820841617,124,65,35,21,3,2,0,0,0,0,0,0,0,0,0,0,0,0,0,250
820841618,86,77,25,15,2,0,0,0,0,0,0,0,0,0,0,0,0,0,0,205
820841619,168,66,37,18,6,0,1,0,0,0,0,0,0,0,0,0,0,0,0,296
820841620,123,86,46,24,5,3,1,0,0,0,0,0,0,0,0,0,0,0,0,288
820841621,91,50,30,14,3,1,0,0,0,0,0,0,0,0,0,0,0,0,0,189
820841622,99,50,19,11,4,0,1,0,0,0,0,0,0,0,0,0,0,0,0,184
820841701,102,62,33,21,6,6,0,0,0,0,0,0,0,0,0,0,0,0,0,230
820841702,122,71,31,26,6,4,0,0,0,0,0,0,0,0,0,0,0,0,0,260
820841703,144,93,42,32,5,1,0,1,0,0,0,0,0,0,0,0,0,0,1,319
820841704,135,101,47,33,8,1,1,2,1,0,0,1,0,0,0,0,0,0,0,330
820841705,82,72,40,33,6,2,1,0,0,0,0,0,0,0,0,0,0,0,0,236
820841706,76,54,28,23,8,1,0,0,0,0,0,0,0,0,0,0,0,0,0,190
820841707,134,104,52,31,5,3,0,2,0,0,0,0,0,0,0,0,0,0,0,331
820841708,142,72,27,22,11,1,0,0,0,0,0,0,0,0,0,0,0,0,0,275
820841709,115,64,28,20,4,1,0,0,0,0,0,0,0,0,0,0,0,0,0,232
820841710,147,91,47,23,5,1,0,0,0,0,0,0,0,0,0,0,0,0,0,314
820841711,163,102,35,24,2,1,0,0,0,0,0,1,0,0,0,0,0,0,0,328
820841712,109,80,42,16,9,1,0,0,0,0,0,0,0,0,0,0,0,0,0,257
820841713,108,45,14,9,1,0,0,0,0,0,0,0,0,0,0,0,0,0,0,177
820841714,140,59,17,10,4,1,0,0,0,0,0,0,0,0,0,0,0,0,0,231
820841715,54,21,9,7,2,0,0,0,0,0,0,0,0,0,0,0,0,0,0,93
820841716,94,64,39,16,7,0,1,0,0,0,0,0,0,0,0,0,0,0,0,221
820841717,93,54,42,35,11,0,0,0,1,0,0,0,0,0,0,0,0,0,0,236
820841718,132,92,33,16,9,1,1,0,0,0,0,0,0,0,0,0,0,0,0,284
820841719,154,124,46,38,7,1,0,0,0,0,0,0,0,0,0,0,0,0,0,370
820841720,57,41,28,10,2,2,0,0,0,0,0,0,0,0,0,0,0,0,0,140
820841721,90,50,8,13,1,0,0,0,0,0,0,0,0,0,0,0,0,0,0,162
820841722,117,46,21,14,5,3,0,0,0,0,0,0,0,0,0,0,0,0,0,206
820841723,148,86,42,18,12,0,1,1,0,0,0,0,0,0,0,0,0,0,0,308
820841724,221,74,20,3,5,1,0,0,0,0,0,0,0,0,0,0,0,0,0,324
820841725,153,67,26,14,4,1,0,0,0,0,0,0,0,0,0,0,0,0,0,265
820841726,139,63,18,8,2,0,1,1,0,0,0,0,0,0,0,0,0,0,0,232
820841727,134,53,17,8,2,1,0,0,0,0,0,0,0,0,0,0,0,0,0,215
820841801,77,33,28,13,2,1,0,1,0,0,0,0,0,0,0,0,0,0,0,155
820841802,107,51,23,24,3,2,0,0,0,0,0,0,0,0,0,0,0,0,0,210
820841803,154,75,34,32,2,4,0,0,0,0,0,0,0,0,0,0,0,0,0,301
820841804,161,83,50,40,10,2,1,0,0,0,0,0,0,0,0,0,0,0,0,347
820841805,247,112,56,33,12,4,0,1,0,0,0,0,0,0,0,0,0,0,0,465
820841806,161,96,44,28,2,1,0,0,0,0,0,0,0,0,0,0,0,0,0,332
820841807,242,122,57,45,12,7,3,0,0,0,0,1,0,0,0,0,0,0,0,489
820841808,181,105,53,26,4,1,0,0,0,0,0,0,0,0,0,0,0,0,0,370
820841809,145,90,38,20,4,1,0,0,0,0,0,1,0,0,0,0,0,0,0,299
820841810,91,70,33,18,3,0,0,0,0,0,0,0,0,0,0,0,0,0,0,215
820841811,177,101,45,26,6,4,0,0,1,0,0,0,0,0,0,0,0,0,0,360
820841812,97,57,34,14,4,0,1,1,0,0,0,0,0,0,0,0,0,0,0,208
820841813,171,94,34,25,2,1,0,0,0,0,0,0,0,0,0,0,0,0,0,327
820841814,169,87,33,23,4,1,0,0,0,0,0,0,0,0,0,0,0,0,0,317
820841815,131,68,29,30,1,1,0,0,0,0,0,0,0,0,0,0,0,0,0,260
820841816,87,62,24,17,2,0,0,0,0,0,0,0,0,0,0,0,0,0,0,192
820841817,76,49,17,10,7,0,0,0,0,0,0,0,0,0,0,0,0,0,0,159
820841818,128,85,36,35,6,4,0,0,0,0,0,0,0,0,0,0,0,0,0,294
820841819,95,49,32,20,5,2,1,0,0,0,0,0,0,0,0,0,0,0,0,204
820841820,110,78,26,30,5,2,0,0,0,0,1,0,0,0,0,0,0,0,0,252
820841821,126,49,27,4,2,1,0,0,0,0,0,0,0,0,0,0,0,0,0,209
820841822,83,61,23,14,7,3,0,0,1,0,0,0,0,0,0,0,0,0,0,192
820841823,163,87,38,28,9,2,2,1,0,0,0,0,0,0,0,0,0,0,0,330
820841824,93,40,18,11,0,0,0,0,0,0,0,0,0,0,0,0,0,0,0,162
820841901,254,131,56,39,11,3,0,0,0,0,0,0,0,0,0,0,0,0,0,494
820841902,133,81,52,47,14,9,3,1,0,0,0,0,0,0,0,0,0,0,0,340
820841903,257,128,64,48,9,1,1,0,0,0,0,0,0,0,0,0,0,0,0,508
820841904,131,86,49,34,16,2,2,0,0,0,0,0,0,0,0,0,0,0,0,320
820841905,110,69,55,28,7,1,0,0,0,0,0,0,0,0,0,0,0,0,0,270
820841906,172,83,36,29,6,3,0,0,0,0,0,0,0,0,0,0,0,0,0,329
820841907,152,73,38,33,5,2,0,0,1,0,0,0,0,0,0,0,0,0,0,304
820841908,72,39,24,19,5,1,2,1,0,0,0,0,0,0,0,0,0,0,0,163
820841909,195,79,29,18,4,3,0,0,0,0,1,0,0,0,0,0,0,0,0,329
820841910,99,59,14,14,3,1,1,0,0,0,0,0,0,0,0,0,0,0,0,191
820841911,107,55,20,9,5,1,0,0,0,1,0,0,0,0,0,0,0,0,0,198
820841912,220,92,51,35,10,4,0,0,0,0,0,0,0,0,1,0,0,0,0,413
820841913,82,49,22,23,7,4,1,3,0,0,0,0,0,0,0,0,0,0,0,191
820841914,124,52,23,16,1,2,0,1,0,0,0,0,0,0,0,0,0,0,0,219
820841915,120,73,37,42,8,6,1,0,0,0,0,0,0,0,0,0,0,0,0,287
820841916,103,87,60,34,11,6,2,0,0,0,0,0,0,0,1,0,0,0,0,304
820841917,203,86,45,24,9,0,0,0,0,0,0,0,0,0,0,0,0,0,0,367
820841918,168,82,23,16,2,0,1,0,0,0,0,0,0,0,0,0,0,0,0,292
820841919,121,47,32,16,1,2,0,0,0,0,0,0,0,0,0,0,0,0,0,219
820841920,176,60,31,19,2,0,0,0,0,0,0,0,0,0,0,0,0,0,0,288
820841921,151,60,33,20,2,1,1,0,0,0,0,0,0,0,0,0,0,0,0,268
820841922,51,32,19,10,4,2,0,0,0,0,0,0,0,0,0,0,0,0,0,118
820841923,101,76,38,15,1,1,1,0,0,0,0,0,0,0,0,0,0,0,0,233
820841924,111,73,34,44,12,2,1,0,0,0,0,0,0,0,0,0,0,0,0,277
820841925,124,95,25,23,7,3,1,0,1,0,0,0,0,0,0,0,0,0,0,279
820841926,188,115,46,29,2,1,0,0,0,0,0,0,0,0,0,0,0,0,0,381
820841927,134,68,18,23,2,1,0,0,0,0,0,0,0,0,0,0,0,0,0,246
820841928,98,43,21,12,4,0,0,0,0,0,0,0,0,0,0,0,0,0,0,178
820841929,123,63,24,19,5,0,0,0,0,0,0,0,0,0,0,0,0,0,0,234
820841930,129,96,41,30,6,6,0,0,0,0,0,0,0,0,0,0,0,0,0,308
820842001,60,53,19,12,3,2,0,0,0,0,0,0,0,0,0,0,0,0,0,149
820842002,61,43,19,15,4,2,0,0,0,0,0,0,0,0,0,0,0,0,0,144
820842003,253,155,62,43,11,3,0,1,0,0,0,0,0,0,0,0,0,0,0,528
820842004,145,74,39,17,5,1,0,0,0,0,0,0,0,0,0,0,0,0,0,281
820842005,170,101,49,30,12,1,0,0,0,0,0,0,0,0,0,0,0,0,0,363
820842006,162,71,28,16,5,2,0,0,0,0,0,0,0,0,0,0,0,0,0,284
820842007,150,96,65,29,7,1,0,0,0,0,0,0,0,0,0,0,0,0,0,348
820842008,155,58,25,21,8,1,0,1,0,0,0,0,0,0,0,0,0,0,0,269
820842009,174,105,50,24,8,1,0,1,0,0,0,0,0,0,0,0,0,0,0,363
820842010,140,78,27,16,1,0,0,0,0,0,0,1,0,0,0,0,0,0,0,263
820842011,123,97,44,26,2,1,1,0,0,0,0,0,0,0,0,0,0,0,0,294
820842012,130,102,42,29,6,0,0,0,0,0,0,0,0,0,0,0,0,0,0,309
820842013,164,102,44,38,7,3,0,1,0,0,0,0,0,0,0,0,0,0,0,359
820842014,148,91,45,26,8,2,0,0,0,0,0,0,0,0,0,0,0,0,0,320
820842015,89,57,19,16,2,1,0,0,0,0,0,0,0,0,0,0,0,0,0,184
820842016,70,54,25,9,6,0,0,0,0,0,0,0,0,0,0,0,0,0,0,164
820842017,46,48,22,11,7,0,0,0,0,0,0,0,0,0,0,0,0,0,0,134
820842018,141,77,21,32,9,0,0,0,0,0,0,0,0,0,0,0,0,0,0,280
820842019,122,65,28,16,2,1,0,0,0,0,0,0,0,0,0,0,0,0,0,234
820842101,108,93,36,42,10,0,0,0,0,0,0,0,0,0,0,0,0,0,0,289
820842102,100,40,8,12,2,1,0,0,0,0,0,0,0,0,0,0,0,0,0,163
820842103,198,106,49,24,7,2,1,1,0,0,0,0,0,0,0,0,0,0,0,388
820842104,220,135,73,49,12,1,0,0,0,0,0,0,0,0,0,0,0,0,0,490
820842105,121,74,33,26,10,1,0,0,0,0,0,0,0,0,0,0,0,0,0,265
820842106,18,19,7,6,0,0,0,0,0,0,0,0,0,0,0,0,0,0,0,50
820842107,65,46,30,15,5,1,0,0,0,0,0,0,0,0,0,0,0,0,0,162
820842108,210,134,46,31,10,0,0,0,0,0,0,0,0,0,0,0,0,0,0,431
820842109,177,79,37,29,10,0,0,0,0,0,0,0,0,0,0,0,0,0,0,332
820842110,120,85,55,18,5,4,1,0,0,0,0,0,0,0,0,0,0,0,0,288
820842111,108,78,37,19,7,0,1,0,0,0,0,0,0,0,0,0,0,0,0,250
820842112,79,63,22,15,5,1,1,0,0,0,0,0,0,0,0,0,0,0,0,186
820842113,43,31,20,5,3,0,0,0,0,0,0,0,0,0,0,0,0,0,0,102
820842114,228,130,61,50,15,1,0,0,0,0,0,0,0,0,0,0,0,0,0,485
820842115,103,65,26,18,3,0,0,0,0,0,0,0,0,0,0,0,0,0,0,215
820842116,58,41,21,12,5,1,0,0,0,0,0,0,0,0,0,0,0,0,0,138
820842117,135,44,21,15,5,0,0,0,0,0,0,0,0,0,0,0,0,0,0,220
820842118,72,57,21,16,5,0,0,0,0,1,0,0,0,0,0,0,0,0,0,172
820842119,112,73,35,20,4,1,0,0,0,0,0,0,0,0,0,0,0,0,0,245
820842120,121,49,11,5,1,1,0,0,0,0,0,0,0,0,0,0,0,0,0,188
820842121,126,59,25,19,7,0,0,0,0,0,0,0,0,0,0,0,0,0,0,236
820842201,124,96,44,24,8,3,1,0,0,0,0,0,0,0,0,0,0,0,0,300
820842202,167,73,27,19,6,1,0,1,0,0,0,0,0,0,0,0,0,0,0,294
820842203,112,78,28,23,9,0,0,0,0,0,0,0,0,0,0,0,0,0,0,250
820842204,1,1,1,0,0,0,0,0,0,0,0,0,0,0,0,0,0,0,0,3
820842205,162,117,48,44,9,1,1,0,0,0,0,0,0,0,0,0,0,0,0,382
820842206,155,121,62,42,14,1,0,0,0,0,0,0,0,0,0,0,0,0,0,395
820842207,102,57,22,14,1,0,0,0,0,0,0,0,0,0,0,0,0,0,0,196
820842208,179,104,43,34,5,1,1,0,0,0,0,0,0,0,0,0,0,0,0,367
820842209,210,77,38,19,11,1,0,0,0,0,0,0,0,0,0,0,0,0,0,356
820842210,221,113,58,32,3,1,0,0,0,0,0,0,0,0,0,0,0,0,0,428
820842211,73,71,32,29,4,0,0,0,0,0,0,0,0,0,0,0,0,0,0,209
820842212,239,142,38,39,12,1,0,0,0,0,0,0,0,0,0,0,0,0,0,471
820842213,140,81,18,19,1,0,0,0,0,0,0,0,0,0,0,0,0,0,0,259
820842214,127,54,30,15,6,1,0,0,0,0,0,0,0,0,0,0,0,0,0,233
820842215,76,74,26,29,10,0,0,0,0,0,0,0,0,0,0,0,0,0,0,215
820842216,81,39,21,19,4,0,0,0,0,0,0,0,0,0,0,0,0,0,0,164
820842301,143,109,52,38,7,1,0,0,0,0,0,0,0,0,0,0,0,0,0,350
820842302,132,82,49,25,8,2,1,0,0,0,0,0,0,0,0,0,0,0,0,299
820842303,169,105,46,35,8,2,0,1,0,0,0,0,0,0,0,0,0,0,0,366
820842304,148,83,33,22,8,2,1,0,0,0,0,0,0,0,0,0,0,0,0,297
820842305,138,96,58,41,10,2,0,0,0,0,0,0,0,0,0,0,0,0,0,345
820842306,120,80,29,20,7,3,0,0,0,0,0,0,0,0,0,0,0,0,0,259
820842307,242,150,49,29,5,1,0,0,0,0,0,0,0,0,0,0,0,0,0,476
820842308,215,125,53,29,4,1,0,0,0,0,0,0,0,0,0,0,0,0,0,427
820842309,125,61,19,19,3,2,0,0,0,0,0,0,0,0,0,0,0,0,0,229
820842310,146,87,31,18,2,3,0,0,0,0,0,0,0,0,0,0,0,0,0,287
820842311,121,102,27,20,4,2,0,0,0,0,0,0,0,0,0,0,0,0,0,276
820842312,254,136,49,33,7,2,1,0,0,0,0,0,0,0,0,0,0,0,0,482
820842313,207,128,48,33,5,1,0,0,0,0,0,0,0,0,0,0,0,0,0,422
820842314,236,135,56,22,6,0,0,0,0,0,0,0,0,0,0,0,0,0,0,455
820842315,148,103,42,23,3,3,1,0,0,0,0,0,0,0,0,0,0,0,0,323
820842316,123,100,47,46,14,0,1,0,0,0,0,0,0,0,0,0,0,0,0,331
820842317,79,49,40,35,16,6,0,0,1,0,0,0,0,0,0,0,0,0,0,226
820842318,117,90,43,30,6,2,3,0,0,0,0,0,0,0,0,0,0,0,0,291
820842319,126,85,35,22,3,0,0,0,0,0,0,0,0,0,0,0,0,0,0,271
820842320,108,86,39,30,10,0,0,0,0,0,0,0,0,0,0,0,0,0,0,273
820842321,98,73,44,27,5,1,0,0,0,0,0,0,0,0,0,0,0,0,0,248
820842322,155,88,41,34,7,0,1,0,0,0,0,0,0,0,0,0,0,0,0,326
820842323,137,85,55,36,5,2,2,0,0,0,0,0,0,0,0,0,0,0,0,322
820842324,111,69,27,24,7,2,0,0,0,0,0,0,0,0,0,0,0,0,0,240
820842325,138,61,22,20,5,2,1,0,0,0,0,0,0,0,1,0,0,0,0,250
820842326,72,51,28,18,13,0,0,0,0,0,1,0,0,0,0,0,0,0,0,183
820842401,115,90,45,23,5,2,0,0,0,0,0,0,0,0,0,0,0,0,0,280
820842402,192,112,43,36,8,0,1,0,0,0,0,0,0,0,0,0,0,0,0,392
820842403,95,71,31,15,4,0,0,0,0,0,0,0,0,0,0,0,0,0,0,216
820842404,87,60,29,16,8,1,0,0,0,0,0,0,0,0,0,0,0,0,0,201
820842405,224,95,31,22,5,3,0,0,0,0,0,0,0,0,0,0,0,0,0,380
820842406,197,108,41,20,2,2,1,1,0,0,0,0,0,0,0,0,0,0,0,372
820842407,140,60,27,15,3,1,0,0,0,0,0,0,0,0,0,0,0,0,0,246
820842408,105,94,42,25,4,2,2,0,0,0,0,0,0,0,0,0,0,0,0,274
820842409,339,152,49,32,6,1,0,0,0,0,0,0,0,0,0,0,0,0,0,579
820842410,85,54,33,18,5,0,0,0,0,0,0,0,0,0,0,0,0,0,0,195
820842411,119,72,36,15,1,4,0,0,0,0,0,0,0,0,0,0,0,0,0,247
820842412,167,114,51,32,11,2,1,0,0,0,0,0,0,0,0,0,0,0,0,378
820842413,101,51,29,13,0,1,0,0,0,0,0,0,0,0,0,0,0,0,0,195
820842414,97,75,31,18,2,2,0,0,0,0,0,0,0,0,0,0,0,0,0,225
820842415,169,85,44,24,10,3,0,0,0,0,0,0,0,0,0,0,0,0,0,335
820842416,155,111,44,37,9,4,0,0,0,0,0,0,0,0,0,0,0,0,0,360
820842417,77,58,34,40,11,1,0,0,0,0,0,0,0,0,0,0,0,0,0,221
820842418,164,90,38,14,3,0,1,1,0,0,0,0,0,0,0,0,0,0,0,311
820842419,116,87,30,18,4,1,0,0,0,0,0,0,0,0,0,0,0,0,0,256
820842420,165,72,22,19,4,2,0,0,0,0,0,0,0,0,0,0,0,0,0,284
820842421,63,52,17,19,0,2,1,0,0,0,0,0,0,0,0,0,0,0,0,154
820842422,68,28,12,10,4,1,1,0,0,0,0,0,0,0,0,0,0,0,0,124
820842423,110,61,40,32,14,1,0,0,0,0,0,0,0,0,0,0,0,0,0,258
820842501,104,102,46,23,9,1,0,0,0,0,0,0,0,0,0,0,0,0,0,285
820842502,104,67,48,24,11,2,1,0,0,0,0,0,0,0,0,0,0,0,0,257
820842503,97,63,22,14,6,0,0,1,0,0,0,0,0,0,0,0,0,0,0,203
820842504,60,30,20,11,3,1,0,0,0,0,0,0,0,0,0,0,0,0,0,125
820842505,121,79,31,35,7,1,0,0,0,0,0,0,0,0,0,0,0,0,0,274
820842506,154,87,44,40,8,1,0,2,0,0,0,0,0,0,0,0,0,0,0,336
820842507,146,92,32,21,5,1,1,0,0,0,0,0,0,0,0,0,0,0,0,298
820842508,154,95,56,26,9,1,0,0,0,0,0,0,0,0,0,0,0,0,0,341
820842509,127,90,70,41,17,5,0,0,0,0,0,0,0,0,0,0,0,0,0,350
820842510,64,55,20,15,6,2,0,0,1,0,0,0,0,0,0,0,0,0,0,163
820842511,121,69,37,24,7,3,1,0,0,0,0,0,0,0,0,0,0,0,0,262
820842512,265,148,60,19,8,3,0,0,0,0,0,0,0,0,0,0,0,0,0,503
820842513,122,95,46,34,5,0,0,0,0,0,0,0,0,0,0,0,0,0,0,302
820842514,56,30,12,5,1,0,1,0,0,0,0,0,0,0,0,0,0,0,0,105
820842515,141,55,35,17,5,0,0,1,0,0,0,0,0,0,0,0,0,0,0,254
820842516,42,28,5,6,7,1,0,0,0,0,0,0,0,0,0,0,0,0,0,89
820842601,167,115,41,23,10,1,0,0,0,0,0,0,0,0,0,0,0,0,0,357
820842602,164,105,49,18,5,1,0,2,0,0,0,0,0,0,0,0,0,0,0,344
820842603,173,116,60,35,14,4,0,0,0,0,0,0,0,0,0,0,0,0,0,402
820842604,98,33,16,8,1,0,0,0,0,0,0,0,0,0,0,0,0,0,0,156
820842605,150,79,45,18,4,0,1,1,0,0,0,0,0,0,0,0,0,0,0,298
820842606,176,103,58,24,13,3,0,0,0,0,0,0,0,0,0,0,0,0,0,377
820842607,152,43,18,12,3,0,0,0,1,0,0,0,0,0,0,0,0,0,0,229
820842608,168,114,56,31,10,2,1,0,1,0,0,0,0,0,0,0,0,0,0,383
820842609,108,57,18,10,7,2,0,0,0,0,0,0,0,0,0,0,0,0,0,202
820842610,235,130,39,23,8,1,0,1,0,0,0,0,0,0,0,0,0,0,0,437
820842611,197,91,31,20,3,2,3,0,0,0,0,0,0,0,0,0,0,0,0,347
820842612,123,70,26,13,7,0,0,0,0,0,0,0,0,0,0,0,0,0,0,239
820842613,174,77,30,16,2,2,1,0,0,0,0,0,0,0,0,0,0,0,0,302
820842614,150,86,42,17,3,2,0,0,0,0,0,0,0,0,0,0,0,0,0,300
820842615,162,73,28,16,3,1,0,0,0,0,0,0,0,0,0,0,0,0,0,283
820842616,107,53,26,8,4,0,0,0,0,0,0,0,0,0,0,0,0,0,0,198
820842617,141,81,49,29,9,7,2,0,0,0,0,0,0,0,0,0,0,0,0,318
820842618,183,90,49,22,2,0,0,0,1,0,0,0,0,0,0,0,0,0,0,347
820842619,106,66,21,17,4,1,0,0,0,0,0,0,0,0,0,0,0,0,0,215
820842620,150,82,35,27,8,0,0,0,0,0,0,0,0,0,0,0,0,0,0,302
820842621,168,79,40,21,6,0,0,1,0,0,0,0,0,0,0,0,0,0,0,315
820842622,202,136,75,32,8,2,0,0,0,0,0,0,0,0,0,0,0,0,0,455
820842623,123,84,50,26,4,0,1,0,0,0,0,0,0,0,0,0,0,0,0,288
820842624,166,76,42,13,8,1,0,0,0,0,0,0,0,0,0,0,0,0,0,306
820842625,85,62,27,15,1,2,0,0,0,0,0,0,0,0,0,0,0,0,0,192
820842626,114,77,39,29,20,7,3,0,1,0,0,0,0,0,0,0,0,0,0,290
820842627,73,43,28,12,4,2,0,0,0,0,0,0,0,0,0,0,0,0,0,162
820842628,62,42,22,10,2,0,1,0,0,0,0,0,0,0,0,0,0,0,0,139
820842629,120,85,49,26,5,0,0,0,0,0,0,0,0,0,0,0,0,0,0,285
820842630,95,67,16,11,3,3,1,0,1,0,0,0,0,0,0,0,0,0,0,197
820842701,139,78,36,30,9,3,1,0,0,0,0,0,0,0,0,0,0,0,0,296
820842702,151,92,37,34,4,0,0,0,0,0,0,0,0,0,0,0,0,0,0,318
820842703,78,49,28,20,5,0,0,0,0,0,0,0,0,0,0,0,0,0,0,180
820842704,115,59,30,27,8,3,0,0,0,0,0,0,0,0,0,0,0,0,0,242
820842705,94,64,24,16,6,1,0,0,0,0,0,0,0,0,0,0,0,0,0,205
820842706,87,43,27,18,4,3,1,0,0,0,0,0,0,0,0,0,0,0,0,183
820842707,162,106,36,46,8,2,0,1,0,0,0,0,0,0,0,0,0,0,0,361
820842708,158,111,33,18,2,0,0,0,0,0,0,0,0,0,0,0,0,0,0,322
820842709,69,33,16,10,5,1,0,0,0,0,0,0,0,0,0,0,0,0,0,134
820842710,76,55,21,19,8,1,0,0,0,0,0,0,0,0,0,0,0,0,0,180
820842711,113,51,15,10,1,2,1,0,0,0,0,0,0,0,0,0,0,0,0,193
820842712,132,71,24,13,1,1,0,0,0,0,0,0,0,0,0,0,0,0,0,242
820842713,112,73,31,35,5,9,3,1,0,0,0,0,0,0,0,0,0,0,0,269
820842714,83,48,28,14,4,1,0,0,0,0,0,0,0,0,0,0,0,0,0,178
820842715,98,73,34,22,5,1,0,0,1,0,0,0,0,0,0,0,0,0,0,234
820842716,65,48,22,23,8,2,1,0,0,0,0,0,0,0,0,0,0,0,0,169
820842717,70,40,13,13,3,1,0,0,0,0,0,0,0,0,0,0,0,0,0,140
820842718,86,49,21,27,4,1,0,0,0,0,0,0,0,0,0,0,0,0,0,188
820842719,106,63,23,24,4,1,1,2,0,0,0,0,0,0,0,0,0,0,0,224
820842720,127,67,31,25,5,2,0,0,0,0,0,0,0,0,0,0,0,0,0,257
820842721,146,73,40,25,11,3,0,0,0,0,0,0,0,0,0,0,0,0,0,298
820842722,148,66,27,17,5,0,1,0,0,0,0,0,0,0,0,0,0,0,0,264
820842723,141,59,26,23,9,2,2,1,0,0,0,0,0,0,0,0,0,0,0,263
820842724,96,50,35,20,6,0,0,1,0,0,0,0,0,0,0,0,0,0,0,208
820842725,53,34,20,11,2,2,0,1,0,0,0,0,0,0,0,0,0,0,0,123
820842726,71,49,13,17,0,3,0,0,0,1,0,0,0,0,0,0,0,0,0,154
820842727,82,56,25,12,2,1,2,0,0,0,0,0,0,0,0,0,0,0,0,180
820842728,56,31,18,16,3,0,0,0,0,0,0,0,0,0,0,0,0,0,0,124
820842729,96,70,21,15,5,1,0,0,0,0,0,0,0,0,0,0,0,0,0,208
820842730,58,52,13,9,5,3,2,0,0,0,0,0,0,0,0,0,0,0,0,142
820842731,58,40,18,13,7,1,0,0,0,0,0,0,0,0,0,0,0,0,0,137
820842801,73,64,32,17,9,1,0,0,0,0,0,0,0,0,0,0,0,0,0,196
820842802,66,36,16,17,7,0,0,1,0,0,0,0,0,0,0,0,0,0,0,143
820842803,204,103,31,28,8,1,0,0,0,0,0,0,0,0,0,0,0,0,0,375
820842804,160,95,45,25,10,5,2,1,1,1,0,0,0,0,0,0,0,0,0,345
820842805,54,42,17,11,4,2,2,0,0,0,0,0,0,0,0,0,0,0,0,132
820842806,18,8,5,5,1,0,0,0,0,0,0,0,0,0,0,0,0,0,0,37
820842807,220,128,48,29,8,1,0,0,1,0,0,0,0,0,0,0,0,0,0,435
820842808,74,38,16,10,3,1,0,0,0,0,0,0,0,0,0,0,0,0,0,142
820842809,184,111,31,11,4,1,0,0,0,0,0,0,0,0,0,0,0,0,0,342
820842810,150,66,30,6,2,0,0,0,0,0,0,1,0,0,0,0,0,0,0,255
820842811,175,90,43,22,3,1,0,0,0,0,0,0,0,0,0,0,0,0,0,334
820842812,142,77,33,14,3,0,0,0,0,0,0,0,0,0,0,0,0,0,0,269
820842813,151,90,35,17,5,0,1,0,0,0,0,0,0,0,0,0,0,0,0,299
820842814,150,76,24,18,4,0,0,0,0,0,0,0,0,0,0,0,0,0,0,272
820842815,169,64,29,18,4,1,0,0,0,0,0,0,0,0,0,0,0,0,0,285
820842816,91,34,21,5,1,0,0,0,0,0,0,0,0,0,0,0,0,0,0,152
820842817,137,57,37,20,8,0,0,0,0,0,0,0,0,0,0,0,0,0,0,259
820842818,121,71,24,21,5,1,0,0,0,0,0,0,0,0,0,0,0,0,0,243
820842819,82,46,28,28,9,0,0,0,0,0,0,0,0,0,0,0,0,0,0,193
820842820,159,87,54,36,5,2,1,0,0,0,0,0,0,0,0,0,0,0,0,344
820842821,137,70,28,23,6,3,0,0,0,0,0,0,0,0,0,0,0,0,0,267
820842822,130,92,27,19,3,1,0,0,0,0,0,0,0,0,0,0,0,0,0,272
820842823,127,50,25,9,5,0,0,0,0,0,0,0,0,0,0,0,0,0,0,216
820842824,75,54,24,18,5,0,0,0,0,0,0,0,0,0,0,0,0,0,0,176
820842825,210,80,51,13,7,1,2,0,0,1,0,0,1,0,0,0,0,0,0,366
820842826,154,87,36,22,5,1,0,0,0,0,0,0,0,0,0,0,0,0,0,305
820842827,103,54,15,8,3,0,0,0,0,0,0,0,0,0,0,0,0,0,0,183
820842828,151,61,42,18,2,1,0,0,1,0,0,0,0,0,0,0,0,0,0,276
820842829,176,78,22,19,2,0,1,0,0,0,0,0,0,0,0,0,0,0,0,298
820842830,86,64,22,14,6,0,0,0,0,0,0,0,0,0,0,0,0,0,0,192
820842831,120,53,24,23,3,2,0,0,0,0,0,0,0,0,0,0,0,0,0,225
820842832,109,43,20,9,2,0,0,0,0,0,0,0,0,0,0,0,0,0,0,183
820842833,126,89,23,23,6,3,0,0,0,0,0,0,0,0,0,0,0,0,0,270
820842834,125,65,19,15,0,0,0,0,0,1,0,0,0,0,0,0,0,0,0,225
820842901,201,88,23,18,5,2,0,1,1,0,0,0,0,1,0,0,0,0,0,340
820842902,127,70,28,23,4,0,0,0,0,0,0,0,0,0,0,0,0,0,0,252
820842903,95,74,29,23,4,1,0,0,0,0,0,0,0,0,0,0,0,0,0,226
820842904,103,38,15,13,3,0,0,0,0,0,0,0,0,0,0,0,0,0,0,172
820842905,98,59,22,23,10,0,0,0,0,0,0,0,0,0,0,0,0,0,0,212
820842906,170,64,36,13,6,1,0,0,0,0,0,0,0,0,0,0,0,0,0,290
820842907,100,48,10,13,3,0,0,0,0,0,0,0,0,0,0,0,0,0,0,174
820842908,75,39,26,18,7,2,1,0,0,0,0,0,0,0,0,0,0,0,0,168
820842909,88,42,14,3,3,2,0,0,0,0,0,0,0,0,0,0,0,0,0,152
820842910,127,56,25,10,4,1,2,0,0,0,0,0,0,0,0,0,0,0,0,225
820842911,81,39,21,17,5,0,0,0,0,0,0,0,0,0,0,0,0,0,0,163
820842912,94,51,22,13,4,1,0,0,0,0,0,0,0,0,0,0,0,0,0,185
820842913,192,96,51,38,10,2,1,0,0,0,0,0,0,0,0,0,0,0,0,390
820842914,171,107,46,30,12,3,1,0,0,0,0,0,0,0,0,0,0,0,0,370
820842915,162,82,31,20,5,1,0,0,0,0,0,0,0,0,0,0,0,0,0,301
820842916,122,61,19,12,2,0,0,0,0,0,0,0,0,0,0,0,0,0,0,216
820842917,179,93,39,21,10,1,0,0,0,0,0,0,0,0,0,0,0,0,0,343
820842918,113,80,27,31,9,2,0,0,0,0,0,0,0,0,0,0,0,0,0,262
820842919,117,93,30,35,6,5,1,0,0,0,0,0,0,0,0,0,0,0,0,287
820842920,123,72,26,20,9,1,1,0,0,0,0,0,0,0,0,0,0,0,0,252
820842921,104,43,33,19,10,0,2,1,0,0,0,0,0,0,0,0,0,0,0,212
820842922,121,68,27,22,4,1,0,0,0,0,0,0,0,0,0,0,0,0,0,243
820842923,162,81,40,27,7,0,1,0,0,1,0,0,0,0,0,0,0,0,0,319
820842924,92,69,48,34,14,4,4,0,0,0,0,0,0,0,0,0,0,0,0,265
820842925,121,79,25,17,1,1,0,0,0,0,0,0,0,0,0,0,0,0,0,244
820842926,91,63,26,23,3,1,0,0,0,0,0,0,0,0,0,0,0,0,0,207
820842927,204,78,18,11,3,0,0,0,0,0,0,0,0,0,0,0,0,0,0,314
820842928,116,70,52,41,7,6,2,0,0,1,0,0,0,0,0,0,0,0,0,295
820842929,103,49,22,17,1,0,0,0,0,0,0,0,0,0,0,0,0,0,0,192
820842930,92,61,19,17,6,0,0,0,0,0,0,0,0,0,0,0,0,0,0,195
820842931,144,95,40,31,3,0,0,0,0,0,0,0,0,0,0,0,0,0,0,313
820842932,90,52,18,5,3,2,1,0,0,0,0,0,0,0,0,0,0,0,0,171
820842933,74,55,22,11,2,4,1,0,0,0,0,0,0,0,0,0,0,0,0,169
820842934,92,42,13,8,3,0,1,2,0,0,0,0,0,0,0,0,0,0,0,161
820842935,136,51,11,13,2,2,0,0,0,0,0,0,0,0,0,0,0,0,0,215
820842936,132,64,23,9,2,3,0,0,0,0,0,0,0,0,0,0,0,0,0,233
820842937,88,42,21,8,1,3,0,0,0,0,0,0,0,0,0,0,0,0,0,163
820842938,158,81,28,10,5,2,0,0,0,0,0,0,0,0,0,0,0,0,0,284
820842939,167,59,30,16,5,1,1,0,0,0,0,0,0,0,0,0,0,0,0,279
820842940,150,71,27,28,9,4,1,2,0,0,0,0,0,0,0,0,0,0,0,292
820842941,128,52,21,13,2,2,0,0,0,0,0,0,0,0,0,0,0,0,0,218
820842942,89,42,22,11,4,2,0,0,0,0,0,0,0,0,0,0,0,0,0,170
820842943,89,46,16,22,4,0,0,0,0,0,0,0,0,0,0,0,0,0,0,177
820842944,71,54,31,16,3,1,0,1,0,0,0,0,0,0,0,0,0,0,0,177
820842945,77,38,30,30,9,0,1,0,0,0,0,0,0,0,0,0,0,0,0,185
820842946,103,54,27,19,3,2,1,0,0,0,0,0,0,0,0,0,0,0,0,209
820843001,60,80,62,40,30,6,2,0,0,0,0,0,0,0,0,0,0,0,0,280
820843002,46,56,53,53,24,6,2,0,0,1,0,0,0,0,0,0,0,0,0,241
820843003,46,58,66,65,32,7,0,1,1,0,0,0,0,0,0,0,0,0,0,276
820843004,40,62,42,35,33,5,4,0,0,0,0,0,0,0,0,0,0,0,0,221
820843005,51,66,33,45,29,4,1,2,0,0,0,0,0,0,0,0,0,0,0,231
820843006,55,59,58,57,46,11,5,1,1,0,0,0,0,0,0,0,0,0,0,293
820843007,60,57,47,70,31,6,8,4,1,0,1,0,0,0,0,0,0,0,0,285
820843008,63,89,70,55,29,8,2,2,2,0,0,0,0,0,1,0,0,0,0,321
820843009,50,59,36,42,35,6,0,1,0,1,0,0,0,0,0,0,0,0,0,230
820843010,71,92,68,50,25,9,4,2,1,0,0,0,0,0,0,0,0,0,0,322
820843011,59,64,49,33,27,4,2,2,0,0,0,0,0,0,0,0,0,0,0,240
820843012,72,75,71,57,34,8,3,2,1,2,0,0,0,0,0,0,0,0,0,325
820843013,59,67,54,55,25,8,2,2,0,0,0,0,0,0,0,0,0,0,0,272
820843014,35,61,41,37,18,4,6,2,1,0,0,0,0,0,0,0,0,0,0,205
820843015,41,78,66,52,41,7,2,1,1,1,1,0,0,0,0,0,0,0,0,291
820843016,39,60,47,35,24,8,2,0,1,0,0,0,0,0,0,0,0,0,0,216
820843017,29,29,36,33,22,7,7,1,0,0,0,0,0,1,2,0,0,0,0,167
820843018,67,77,76,84,58,15,9,5,2,1,0,0,0,0,1,0,0,0,0,395
820843019,46,35,47,36,13,6,2,1,1,0,0,0,0,0,0,0,0,0,0,187
820843020,65,61,53,65,44,15,6,2,1,0,1,1,0,0,0,0,0,0,0,314
820843101,53,42,42,36,10,7,2,1,0,0,0,0,0,0,0,0,0,0,0,193
820843102,85,94,44,60,18,7,0,0,1,0,0,0,0,0,0,0,0,0,0,309
820843103,80,79,44,50,16,0,2,1,0,0,0,0,0,0,0,0,0,0,0,272
820843104,79,91,66,54,17,10,2,3,0,0,0,0,0,0,0,0,0,0,0,322
820843105,34,44,30,35,15,6,1,1,1,0,0,0,0,0,0,0,0,0,0,167
820843106,76,95,57,49,15,5,1,0,0,1,0,1,0,0,0,0,0,0,0,300
820843107,56,66,25,28,9,4,1,0,1,0,0,0,0,0,0,0,0,0,0,190
820843108,75,88,65,55,27,12,1,4,0,0,0,0,0,0,0,0,0,0,0,327
820843109,65,53,39,41,14,1,3,0,0,0,0,0,0,0,0,0,0,0,0,216
820843110,70,84,60,66,24,5,1,1,0,2,0,0,0,0,0,0,0,0,0,313
820843111,87,73,62,61,15,6,2,0,0,0,0,0,0,0,0,0,0,0,0,306
820843112,101,85,65,46,32,13,7,0,3,0,0,0,0,0,0,0,0,0,0,352
820843113,86,88,62,64,30,9,2,2,1,0,0,0,0,0,0,0,0,0,0,344
820843114,76,84,43,46,21,5,1,2,0,0,0,0,0,0,0,0,0,0,0,278
820843115,90,63,41,41,12,3,6,0,0,0,0,0,0,0,0,0,0,0,0,256
820843116,96,105,80,66,41,12,2,6,0,0,0,0,0,0,0,0,0,0,0,408
820843117,95,81,68,49,10,8,0,0,0,0,0,0,0,0,0,0,0,0,0,311
820843118,91,78,61,37,14,6,3,1,0,1,0,0,0,0,0,0,0,0,0,292
820843119,104,114,66,34,12,6,1,1,1,0,0,0,0,0,0,0,0,0,0,339
820843120,64,71,45,42,18,5,0,1,0,0,0,0,0,0,0,0,0,0,0,246
820843121,77,85,58,48,23,7,3,4,1,0,0,0,0,0,0,0,0,0,0,306
820843122,52,62,40,39,12,5,1,1,0,0,0,0,0,0,0,0,0,0,0,212
820843201,40,53,40,25,14,7,0,1,1,0,0,0,0,0,0,0,0,0,0,181
820843202,82,82,83,61,33,7,2,2,0,0,0,0,0,0,0,0,0,0,0,352
820843203,93,105,81,50,23,11,1,1,0,0,1,0,0,0,0,0,0,0,0,366
820843204,78,97,75,58,32,4,3,2,1,0,0,0,0,0,0,0,0,0,0,350
820843205,81,78,83,58,25,8,4,0,1,0,0,0,0,0,0,0,0,0,0,338
820843206,39,45,33,42,15,1,0,1,0,0,0,0,0,0,0,0,0,0,0,176
820843207,70,85,55,81,55,15,9,1,4,2,0,0,0,0,0,0,0,0,0,377
820843208,43,44,43,35,28,5,3,0,0,0,0,0,0,0,0,0,0,0,0,201
820843209,57,69,69,58,31,7,0,1,0,0,0,0,0,0,0,0,0,0,0,292
820843210,73,54,80,82,55,18,10,3,0,0,0,0,0,0,0,0,0,0,0,375
820843211,68,96,75,47,26,8,5,3,1,0,0,0,0,0,0,0,0,0,0,329
820843212,26,38,59,34,26,10,5,1,1,1,0,0,0,0,1,0,0,0,0,202
820843213,44,60,41,45,22,3,2,2,0,0,0,0,0,0,0,0,0,0,0,219
820843214,71,62,50,47,42,11,2,2,1,1,0,0,0,0,0,0,0,0,0,289
820843215,94,88,47,60,49,10,6,1,1,0,2,0,0,0,0,0,0,0,0,358
820843216,71,67,45,46,15,8,0,0,0,0,0,0,0,0,0,0,0,0,0,252
820843217,30,35,46,51,27,6,4,4,2,1,0,0,0,0,0,0,0,0,0,206
820843218,56,46,49,34,22,7,0,1,0,0,1,0,1,0,0,0,0,0,0,217
820843219,35,44,51,35,33,11,4,3,0,1,1,0,0,1,0,0,0,0,0,219
820843220,35,37,33,39,29,8,1,3,0,0,0,0,0,0,0,0,0,0,0,185
820843221,28,40,34,60,20,10,2,1,1,0,0,0,0,0,0,0,0,0,0,196
820843222,32,29,54,47,30,8,4,1,0,0,0,0,0,0,0,0,0,0,0,205
820843223,48,44,49,52,26,5,2,1,0,1,0,0,0,0,0,0,0,0,0,228
820843301,37,39,47,50,29,4,2,3,1,0,0,0,0,0,0,0,0,0,0,212
820843302,80,69,79,66,32,12,5,3,0,1,0,0,0,0,0,0,0,0,0,347
820843303,47,49,64,46,33,4,2,2,2,0,0,0,0,0,0,0,0,0,0,249
820843304,63,78,62,67,36,5,5,1,0,0,0,0,0,0,0,0,0,0,0,317
820843305,59,82,47,47,24,4,5,2,0,0,0,0,0,0,0,0,0,0,0,270
820843306,80,101,74,68,46,8,5,4,0,1,0,0,0,0,0,0,0,0,0,387
820843307,81,82,74,57,39,8,2,3,0,1,0,0,0,0,0,0,0,0,0,347
820843308,57,81,47,41,22,9,3,1,0,0,0,0,0,0,0,0,0,0,0,261
820843309,32,36,37,44,23,8,1,1,0,0,0,0,0,0,0,0,0,0,0,182
820843310,74,42,37,38,16,6,1,0,1,0,0,0,0,0,0,0,0,0,0,215
820843311,69,74,92,89,60,19,10,1,1,0,1,0,0,0,1,0,0,0,0,417
820843312,50,51,37,41,7,7,4,2,0,0,0,0,0,0,0,0,0,0,0,199
820843313,74,77,48,57,22,4,1,2,1,1,0,0,0,0,0,0,0,0,0,287
820843314,118,77,79,69,38,8,10,3,1,2,0,0,0,0,0,0,0,0,0,405
820843315,33,35,25,19,18,6,3,2,1,0,0,0,0,0,0,0,0,0,0,142
820843316,50,53,47,34,17,9,0,2,3,1,0,0,0,0,0,0,0,0,0,216
820843317,25,26,52,43,42,5,3,2,0,0,0,0,0,1,0,0,0,0,0,199
820843318,50,60,42,41,23,13,4,1,0,1,0,0,0,0,0,0,0,0,0,235
820843319,73,67,68,72,32,6,6,1,1,0,0,0,0,0,0,0,0,0,0,326
820843320,54,64,43,43,52,13,4,3,3,1,1,0,0,0,0,0,0,0,0,281
820843321,37,56,39,37,40,7,5,4,3,0,0,0,0,0,0,0,0,0,0,228
820843322,39,47,37,38,28,4,6,1,1,0,0,0,0,1,0,0,0,0,0,202
820843323,35,64,50,53,42,6,2,0,0,0,0,0,0,0,0,0,0,0,0,252
820843324,39,39,40,51,26,4,0,1,0,0,0,0,0,0,0,0,0,0,0,200
820843325,32,49,42,38,20,6,0,0,0,0,0,0,0,0,0,0,0,0,0,187
820843326,42,54,43,32,22,7,1,2,0,0,0,0,0,0,0,0,0,0,0,203
820843327,40,33,45,37,32,6,3,0,0,0,0,0,0,0,0,0,0,0,0,196
820843328,49,34,37,52,29,9,2,1,0,1,0,0,0,0,0,0,0,0,0,214
820843329,82,30,25,35,18,6,4,2,0,1,0,0,0,0,0,0,0,0,0,203
820843330,63,53,47,41,41,9,8,3,0,1,0,0,0,0,0,0,0,0,0,266
820843331,20,35,34,32,23,5,4,2,1,0,1,1,0,0,0,0,0,0,0,158
820843332,50,47,56,36,51,8,4,2,2,2,0,0,0,0,0,0,0,0,0,258
820843333,63,74,76,62,32,10,5,6,0,0,1,0,0,0,0,0,0,0,0,329
820843334,31,54,57,65,39,11,6,3,1,2,0,0,1,0,0,0,0,0,0,270
820843335,59,60,75,57,46,7,4,1,2,0,0,0,0,0,0,0,0,0,0,311
820843336,65,35,34,55,28,4,4,2,0,0,0,1,0,1,0,0,0,0,0,229
820843337,68,41,35,43,21,7,6,2,0,0,0,0,0,0,0,0,0,0,0,223
820843401,63,31,59,45,22,4,6,1,0,0,0,0,0,0,0,0,0,0,0,231
820843402,41,51,42,56,38,9,2,2,1,1,0,1,0,0,0,0,0,0,0,244
820843403,33,65,44,31,26,3,1,1,0,0,0,0,0,0,0,0,0,0,0,204
820843404,38,53,47,46,34,8,3,2,1,0,0,0,0,0,0,0,0,0,0,232
820843405,64,86,36,44,13,2,0,0,0,0,0,0,0,0,0,0,0,0,0,245
820843406,69,57,40,33,14,2,0,0,0,0,0,0,0,0,0,0,0,0,0,215
820843407,127,102,47,30,9,4,0,0,0,0,0,0,0,0,0,0,0,0,0,319
820843408,72,60,39,38,6,1,0,0,0,0,0,0,0,0,0,0,0,0,0,216
820843409,89,49,49,36,10,4,0,1,1,0,0,0,0,0,0,0,0,0,0,239
820843410,82,43,37,25,6,4,1,1,0,0,0,0,0,0,0,0,0,0,0,199
820843411,63,65,42,38,16,7,0,3,1,0,0,0,0,0,0,0,0,0,0,235
820843412,112,85,45,35,17,1,1,0,1,1,0,0,0,0,0,0,0,0,0,298
820843413,44,56,41,37,17,8,1,1,0,1,0,0,0,0,0,0,0,0,0,206
820843414,83,95,62,52,30,18,5,0,1,2,0,0,0,0,0,0,0,0,0,348
820843415,79,71,70,53,35,16,7,1,3,0,0,0,0,0,0,0,0,0,0,335
820843416,30,60,67,86,78,25,12,5,5,1,0,1,0,0,0,0,0,0,0,370
820843417,31,49,55,48,40,20,7,7,0,0,0,0,0,0,0,0,0,0,0,257
820843418,67,55,35,33,13,4,3,2,1,0,0,0,0,0,0,1,0,0,0,214
820843419,42,58,45,53,43,3,6,1,3,1,0,0,0,0,0,0,0,0,0,255
820843420,42,44,31,39,31,8,2,2,2,0,0,0,1,0,0,0,0,0,0,202
820843421,43,51,73,73,74,9,3,4,5,2,0,1,0,0,0,0,0,0,0,338
820843422,48,50,33,29,10,5,3,3,0,0,0,0,0,0,0,0,0,0,0,181
820843423,49,61,31,28,15,4,1,2,0,0,0,0,0,0,0,0,0,0,0,191
820843424,46,50,41,43,15,9,1,1,0,0,0,0,0,1,0,0,0,0,0,207
820843425,62,65,25,16,8,0,3,0,0,0,0,0,0,0,0,0,0,0,0,179
820843426,88,70,46,26,23,3,5,3,0,1,0,0,0,0,0,0,0,0,0,265
820843427,45,59,27,39,14,7,2,0,1,0,0,0,0,0,0,0,0,0,0,194
820843501,86,92,53,48,51,8,4,4,1,1,1,0,0,0,0,1,0,0,0,350
820843502,51,50,35,31,16,3,2,0,0,0,0,0,0,0,0,0,0,0,0,188
820843503,81,83,52,52,19,7,4,0,0,1,0,0,0,0,0,0,0,0,0,299
820843504,83,109,66,65,33,2,0,0,0,0,0,0,0,0,0,0,0,0,0,358
820843505,90,69,63,33,18,6,0,1,0,0,0,0,0,0,0,0,0,0,0,280
820843506,97,85,65,55,19,6,5,1,0,0,0,0,0,0,0,0,0,0,0,333
820843507,49,55,45,38,13,3,1,0,0,0,0,0,0,0,0,0,0,0,0,204
820843508,54,74,40,42,33,4,5,1,1,0,0,0,0,0,0,0,0,0,0,254
820843509,55,56,43,45,19,2,3,0,1,0,0,0,0,0,0,0,0,0,0,224
820843510,37,43,59,54,51,10,4,2,1,1,0,0,0,0,0,0,0,0,0,262
820843511,60,64,51,47,41,8,4,2,0,0,0,0,0,0,0,0,0,0,0,277
820843512,52,56,57,58,46,7,2,1,1,2,0,1,0,0,0,0,0,0,0,283
820843513,81,74,49,54,30,10,5,3,1,0,0,0,0,0,0,0,0,0,0,307
820843514,33,50,52,49,31,4,2,0,1,0,0,0,0,0,1,0,0,0,0,223
820843515,35,64,42,42,29,4,3,5,0,1,1,0,0,0,0,0,0,0,0,226
820843516,26,40,48,51,41,5,2,3,2,0,0,0,0,0,0,0,0,0,0,218
820843517,36,68,67,63,59,14,1,0,1,1,0,0,0,0,0,0,0,0,0,310
820843518,63,49,49,41,21,4,3,1,0,0,0,0,0,0,0,0,0,0,0,231
820843519,52,43,38,50,32,3,3,1,0,0,1,0,1,0,0,0,0,0,0,224
820843520,73,67,61,70,51,8,3,3,0,1,0,0,0,0,0,0,0,0,0,337
820843521,31,41,56,26,24,2,1,0,3,0,0,0,0,0,0,0,0,0,0,184
820843522,71,67,48,46,20,16,3,3,2,0,0,0,0,0,0,0,0,0,0,276
820843523,49,26,30,29,18,3,1,0,1,1,0,0,0,0,0,0,0,0,0,158
820843524,34,53,55,64,71,10,4,1,0,0,0,0,0,0,0,0,0,0,0,292
820843601,94,89,42,37,11,1,0,1,0,0,0,0,0,0,0,0,0,0,0,275
820843602,89,95,53,45,11,4,0,0,0,0,0,0,0,0,0,0,0,0,0,297
820843603,47,71,49,38,19,3,2,1,1,0,0,0,0,0,0,0,0,0,0,231
820843604,107,103,54,51,14,1,0,0,0,0,0,0,0,0,0,0,0,0,0,330
820843605,50,53,27,32,9,2,0,0,0,0,0,0,0,0,0,0,0,0,0,173
820843606,88,65,28,27,6,3,0,0,0,0,0,0,0,0,0,0,0,0,0,217
820843607,55,57,33,22,8,1,0,0,0,0,0,0,0,0,0,0,0,0,0,176
820843608,49,56,32,28,6,1,0,0,0,0,0,0,0,0,0,0,0,0,0,172
820843609,98,108,60,46,21,2,2,0,1,0,0,0,0,0,0,0,0,0,0,338
820843610,60,69,34,21,11,0,1,1,0,0,0,0,0,0,0,0,0,0,0,197
820843611,42,54,22,27,10,3,0,1,0,0,0,0,0,0,0,0,0,0,0,159
820843612,207,211,117,108,39,15,1,1,0,0,0,0,0,0,0,0,0,0,0,699
820843613,53,48,45,28,13,3,0,0,0,0,0,0,0,0,0,0,0,0,0,190
820843614,88,58,59,26,15,6,4,0,0,0,0,0,0,0,0,0,0,0,0,256
820843615,50,76,66,43,20,5,1,3,0,0,0,0,0,0,0,0,0,0,0,264
820843616,96,104,71,51,46,13,4,1,2,0,1,0,0,0,0,0,0,0,0,389
820843617,47,51,43,28,11,3,0,0,0,0,0,0,0,0,0,0,0,0,0,183
820843618,58,58,47,38,22,2,1,0,1,0,0,0,0,0,0,0,0,0,0,227
820843619,133,72,38,34,10,0,0,0,0,0,0,0,0,0,0,0,0,0,0,287
820843620,58,46,39,28,7,2,0,0,0,0,0,0,0,0,0,0,0,0,0,180
820843621,77,55,39,31,6,2,0,0,0,0,0,0,0,0,0,0,0,0,0,210
820843622,59,46,41,25,4,2,0,0,0,0,0,0,0,0,0,0,0,0,0,177
820843623,69,56,22,31,10,3,0,0,0,0,0,0,0,0,0,0,0,0,0,191
820843624,52,39,38,29,7,4,1,0,0,0,0,0,0,0,0,0,0,0,0,170
820843701,83,49,21,5,3,0,0,0,0,0,0,0,0,0,0,0,0,0,0,161
820843702,151,82,28,46,14,1,2,0,0,0,0,0,0,0,0,0,0,0,0,324
820843703,182,102,42,29,9,3,0,0,0,0,0,0,0,0,0,0,0,0,0,367
820843704,97,52,21,12,2,4,0,0,0,0,0,0,0,0,0,0,0,0,0,188
820843705,110,50,38,14,4,4,1,1,0,0,0,0,0,0,0,0,0,0,0,222
820843706,129,78,28,26,5,0,0,0,0,1,0,0,0,0,0,0,0,0,0,267
820843707,180,76,44,18,7,3,1,2,0,0,0,1,0,0,0,0,0,0,0,332
820843708,92,65,28,13,4,0,0,0,0,0,0,0,0,0,0,0,0,0,0,202
820843709,206,85,32,23,5,1,0,0,0,0,0,0,0,0,0,0,0,0,0,352
820843710,125,71,31,23,4,3,0,1,0,0,0,0,0,0,0,0,0,0,0,258
820843711,165,96,38,27,6,0,0,0,0,0,0,0,0,0,0,0,0,0,0,332
820843712,79,52,29,30,10,1,0,0,0,0,0,0,0,0,0,0,0,0,0,201
820843713,68,55,28,13,13,2,1,0,0,0,0,0,0,0,0,0,0,0,0,180
820843714,68,55,32,26,10,3,0,1,0,0,0,0,0,0,0,0,0,0,0,195
820843715,196,103,41,17,11,1,2,0,0,0,0,0,0,0,0,0,0,0,0,371
820843716,98,70,19,12,3,2,0,0,0,0,0,0,0,0,0,0,0,0,0,204
820843717,103,57,16,11,5,2,0,0,0,0,0,0,0,0,0,0,0,0,0,194
820843718,101,77,19,22,7,0,0,0,0,0,0,0,0,0,0,0,0,0,0,226
820843719,116,95,40,56,11,0,0,0,0,0,0,0,0,0,0,0,0,0,0,318
820843720,126,69,31,18,3,2,0,0,0,0,0,0,0,0,0,0,0,0,0,249
820843721,128,62,22,5,4,1,0,0,0,0,0,0,0,0,0,0,0,0,0,222
820843722,111,88,36,18,7,1,0,0,0,0,0,0,0,0,0,0,0,0,0,261
820843723,86,43,20,9,2,1,0,0,0,0,0,0,0,0,0,0,0,0,0,161
820843724,98,65,24,10,6,1,0,0,0,0,0,0,0,0,0,0,0,0,0,204
820843725,79,62,18,8,1,0,1,0,0,0,0,0,0,0,0,0,0,0,0,169
820843726,82,41,13,16,4,0,0,0,0,0,0,0,0,0,0,0,0,0,0,156
820843727,61,61,20,17,8,1,0,0,0,0,0,0,0,0,0,0,0,0,0,168
820843728,88,58,37,26,6,1,1,0,0,0,0,0,0,0,0,0,0,0,0,217
820843729,82,58,20,20,9,4,0,1,0,0,0,0,0,0,0,0,0,0,0,194
820843730,96,33,20,12,0,0,1,0,0,0,0,0,0,0,0,0,0,0,0,162
820843801,75,50,18,15,3,1,1,0,0,0,0,0,0,0,0,0,0,0,0,163
820843802,107,70,30,26,5,0,0,0,0,0,0,0,0,0,0,0,0,0,0,238
820843803,43,65,31,18,3,1,0,0,0,0,0,0,0,0,0,0,0,0,0,161
820843804,104,70,41,16,4,1,0,1,0,0,0,0,0,0,0,0,0,0,0,237
820843805,135,81,45,30,2,2,0,0,0,0,0,0,0,0,0,0,0,0,0,295
820843806,91,63,30,27,7,1,0,0,0,0,0,0,0,0,0,0,0,0,0,219
820843807,110,68,57,33,15,2,0,1,0,0,0,0,0,0,0,0,0,0,0,286
820843808,69,72,45,16,6,5,2,1,1,0,0,0,0,0,0,0,0,0,0,217
820843809,67,52,21,22,3,0,0,0,0,0,0,0,0,0,0,0,0,0,0,165
820843810,120,113,65,49,16,4,1,0,0,0,0,0,0,0,0,0,0,0,0,368
820843811,136,97,59,42,37,5,3,1,2,0,0,0,0,0,0,0,0,0,0,382
820843812,96,79,44,36,21,8,3,0,0,1,0,0,0,0,0,0,0,0,0,288
820843813,73,67,60,43,23,6,6,0,0,0,0,0,0,0,0,0,0,0,0,278
820843814,135,92,66,45,11,5,0,0,0,0,0,0,0,0,0,0,0,0,0,354
820843815,70,73,44,23,11,3,0,0,0,0,0,0,0,0,0,0,0,0,0,224
820843816,150,71,28,15,2,0,1,0,0,0,0,0,0,0,0,0,0,0,0,267
820843817,129,71,31,17,4,0,0,0,0,0,0,0,0,0,0,0,0,0,0,252
820843818,128,85,40,17,6,2,0,0,0,0,0,0,0,0,0,0,0,0,0,278
820843819,87,73,36,19,7,2,0,0,0,0,0,0,0,0,0,0,0,0,0,224
820843820,67,55,32,34,6,0,1,0,0,0,0,0,0,0,0,0,0,0,0,195
820843821,74,79,32,27,5,1,0,0,0,0,0,0,0,0,0,0,0,0,0,218
820843822,90,52,24,13,1,1,0,0,0,1,0,0,0,0,0,0,0,0,0,182
820843823,67,48,23,16,11,3,0,0,0,0,0,0,0,0,0,0,0,0,0,168
820843824,44,35,26,21,5,1,1,0,0,0,0,0,0,0,0,0,0,0,0,133
820843901,116,80,39,26,6,0,0,0,0,0,0,0,0,0,0,0,0,0,0,267
820843902,124,100,32,33,6,2,0,0,0,0,0,0,0,0,0,0,0,0,0,297
820843903,147,110,39,33,12,0,0,0,0,0,0,0,0,0,0,0,0,0,0,341
820843904,136,94,57,29,12,4,1,1,0,0,0,0,0,0,0,0,0,0,0,334
820843905,173,80,40,23,5,1,0,0,0,0,0,0,0,0,0,0,0,0,0,322
820843906,120,70,19,18,7,1,1,0,0,0,0,0,0,0,0,0,0,0,0,236
820843907,110,63,24,16,4,0,0,0,0,0,0,0,0,0,0,0,0,0,0,217
820843908,121,58,24,15,2,1,1,0,0,0,0,0,0,0,0,0,0,0,0,222
820843909,119,77,33,19,1,4,0,1,0,0,0,0,0,0,0,0,0,0,0,254
820843910,104,71,40,27,10,1,2,0,0,0,0,0,0,0,0,0,0,0,0,255
820843911,94,77,38,34,8,3,1,1,0,0,0,0,0,0,0,0,0,0,0,256
820843912,75,49,44,18,8,2,0,0,0,0,0,0,0,0,0,0,0,0,0,196
820843913,59,54,27,26,13,2,0,0,0,0,0,0,0,0,0,0,0,0,0,181
820843914,121,104,47,20,6,1,0,0,0,0,0,0,0,0,0,0,0,0,0,299
820843915,130,86,37,28,7,1,0,0,0,0,0,0,0,0,0,0,0,0,0,289
820843916,111,66,32,19,12,1,0,0,0,0,0,0,0,0,0,0,0,0,0,241
820843917,107,78,53,38,6,1,1,0,0,0,0,0,0,0,0,0,0,0,0,284
820843918,150,133,51,44,15,3,3,0,0,0,1,0,0,0,0,0,0,0,0,400
820843919,114,67,42,34,8,2,3,0,1,0,0,0,0,0,0,0,0,0,0,271
820843920,93,72,37,38,7,1,0,0,1,0,0,0,0,0,0,0,0,0,0,249
820843921,63,40,20,17,9,0,0,0,0,0,0,0,0,0,0,0,0,0,0,149
820843922,118,73,53,26,6,6,1,0,0,0,0,0,0,0,0,0,0,0,0,283
820843923,113,83,52,28,7,3,0,0,0,0,0,0,0,0,0,0,0,0,0,286
820843924,149,69,35,14,2,1,0,0,0,0,0,0,0,0,0,0,0,0,0,270
820843925,64,48,28,16,4,0,0,0,0,0,0,0,0,0,0,0,0,0,0,160
820843926,112,78,33,24,4,2,0,0,0,0,0,0,0,0,0,0,0,0,0,253
820843927,86,73,27,18,4,0,0,1,0,0,0,0,0,0,0,0,0,0,0,209
820843928,99,38,28,8,0,0,0,0,0,0,0,0,0,0,0,0,0,0,0,173
820844001,80,48,24,14,2,2,0,0,0,0,0,0,0,0,0,0,0,0,0,170
820844002,80,49,23,11,2,1,0,0,0,0,0,0,0,0,0,0,0,0,0,166
820844003,225,133,53,39,11,0,1,0,0,0,0,0,0,0,0,0,0,0,0,462
820844004,56,62,36,27,30,6,4,0,0,0,0,0,0,0,0,0,0,0,0,221
820844005,76,85,79,63,80,21,7,6,0,0,0,0,0,1,0,0,0,0,0,418
820844006,108,35,20,9,5,0,0,0,0,0,0,0,0,0,0,0,0,0,0,177
820844007,154,68,29,24,5,1,0,0,0,0,0,0,0,0,0,0,0,0,0,281
820844008,93,62,33,16,7,2,0,0,0,0,0,0,0,0,0,0,0,0,0,213
820844009,118,47,13,11,0,3,0,0,0,0,0,0,0,0,0,0,0,0,0,192
820844010,72,46,28,19,9,3,2,2,0,0,0,0,0,0,0,0,0,0,0,181
820844011,103,72,29,35,20,5,2,0,0,0,0,0,0,0,0,0,0,0,0,266
820844012,104,68,39,8,8,2,1,0,0,0,0,0,0,0,0,0,0,0,0,230
820844013,133,91,39,30,11,2,1,0,0,0,0,0,0,0,0,0,0,0,0,307
820844014,120,72,34,25,2,2,1,0,0,0,0,0,0,0,0,0,0,0,0,256
820844015,183,83,25,23,4,1,0,0,0,0,0,0,0,0,0,0,0,0,0,319
820844016,42,41,30,23,10,4,0,1,0,0,0,0,0,0,0,0,0,0,0,151
820844017,147,73,21,20,10,1,2,0,0,0,0,0,0,0,0,0,0,0,0,274
820844018,80,38,29,13,2,1,0,0,0,0,0,0,0,0,0,0,0,0,0,163
820844019,102,88,35,39,15,6,1,2,0,1,0,0,0,0,0,0,0,0,0,289
820844020,137,82,38,22,5,2,1,0,0,0,0,0,0,0,0,0,0,0,0,287
820844021,64,41,32,37,18,3,1,0,0,1,0,0,0,0,0,0,0,0,0,197
820844022,71,63,48,29,8,3,0,0,0,1,0,0,0,0,0,0,0,0,0,223
820844101,98,97,49,40,13,4,2,0,0,0,0,0,0,0,0,0,0,0,0,303
820844102,80,88,52,62,24,4,1,0,0,0,0,0,0,0,0,0,0,0,0,311
820844103,104,81,69,53,28,11,3,4,0,1,0,0,0,0,0,0,0,0,0,354
820844104,77,79,53,56,30,10,3,2,3,0,0,0,0,0,0,0,0,0,0,313
820844105,57,35,32,26,7,3,1,0,0,2,0,0,0,0,0,0,0,0,0,163
820844106,67,60,34,21,8,1,1,2,0,0,0,0,0,0,0,0,0,0,0,194
820844107,40,42,38,31,28,4,3,2,0,0,1,0,0,0,0,0,0,0,0,189
820844108,46,55,61,47,37,12,7,3,1,1,0,1,0,0,0,0,0,0,0,271
820844109,75,67,56,37,21,10,3,0,0,1,0,0,0,0,0,0,0,0,0,270
820844110,79,85,53,47,40,8,7,2,1,0,0,0,0,0,0,0,0,0,0,322
820844111,56,45,49,38,31,10,4,1,0,0,0,0,0,0,0,0,0,0,0,234
820844112,74,88,82,62,47,16,7,1,0,0,0,0,0,1,0,0,0,0,0,378
820844113,48,56,36,25,8,2,1,0,1,0,0,0,0,0,0,0,0,0,0,177
820844114,48,68,44,31,13,2,1,0,0,0,0,0,0,0,0,0,0,0,0,207
820844115,41,34,36,43,45,9,6,3,1,1,1,0,1,0,0,0,0,0,0,221
820844201,68,54,30,21,20,3,3,1,1,0,0,0,0,0,0,0,0,0,0,201
820844202,49,56,58,48,47,8,5,2,1,0,0,0,0,0,0,0,0,0,0,274
820844203,21,28,31,39,32,6,4,0,2,0,0,1,0,0,0,0,0,0,0,164
820844204,42,53,56,42,52,10,6,0,2,1,0,0,0,0,0,0,0,0,0,264
820844205,41,61,37,37,11,3,3,0,0,0,0,0,0,0,0,0,0,0,0,193
820844206,60,54,42,32,28,6,0,0,0,0,1,0,0,0,0,0,0,0,0,223
820844207,47,65,57,57,47,13,4,5,2,0,1,0,0,0,0,0,0,0,0,298
820844208,65,80,82,75,61,10,8,2,2,0,0,0,0,0,0,0,0,0,0,385
820844209,69,72,41,40,33,7,4,1,1,2,0,0,0,0,0,0,0,0,0,270
820844210,56,66,36,28,14,2,0,1,0,0,0,0,0,0,0,0,0,0,0,203
820844211,58,87,67,87,54,10,9,4,3,1,0,0,0,0,0,0,0,0,0,380
820844212,64,76,61,58,56,11,2,5,0,0,0,0,1,0,0,0,0,0,0,334
820844213,55,84,86,85,61,27,6,3,5,0,0,1,0,0,0,0,0,0,0,413
820844214,38,48,50,47,35,9,5,1,2,2,0,0,0,0,0,0,0,0,0,237
820844215,49,55,57,52,35,11,8,5,1,1,1,0,0,0,0,1,0,0,0,276
820844216,43,57,53,62,43,8,6,3,0,0,1,0,0,0,0,0,0,0,0,276
820844301,89,85,58,40,16,0,0,0,0,0,0,0,0,0,0,0,0,0,0,288
820844302,72,81,41,31,15,2,2,1,0,1,0,0,0,0,0,0,0,0,0,246
820844303,120,100,51,45,14,2,1,0,0,0,0,0,0,0,0,0,0,0,0,333
820844304,108,86,55,64,23,2,0,0,0,0,0,0,0,0,0,0,0,0,0,338
820844305,85,79,42,32,18,2,1,1,0,0,0,0,0,0,0,0,0,0,0,260
820844306,61,58,40,25,8,4,0,1,0,0,0,0,0,0,0,0,0,0,0,197
820844307,100,105,51,49,13,7,1,0,0,0,0,0,0,0,0,0,0,0,0,326
820844308,71,31,32,29,10,1,1,0,0,0,0,0,0,0,0,0,0,0,0,175
820844309,64,82,66,42,21,6,2,0,0,1,0,0,0,0,0,0,0,0,0,284
820844310,89,78,55,43,20,3,0,1,1,0,0,0,0,0,0,0,0,0,0,290
820844311,93,100,54,51,15,4,1,0,0,0,0,0,0,0,0,0,0,0,0,318
820844312,117,102,93,75,28,5,1,0,0,0,0,0,0,0,0,0,0,0,0,421
820844313,73,90,84,58,21,14,2,4,0,0,0,0,0,0,0,0,0,0,0,346
820844314,53,55,31,49,13,4,2,0,0,1,0,0,0,0,0,0,0,0,0,208
820844315,58,50,42,40,11,1,0,1,0,0,0,0,0,0,0,0,0,0,0,203
820844401,58,65,50,53,19,7,3,1,0,0,0,0,0,0,0,0,0,0,0,256
820844402,56,69,32,25,13,1,1,0,0,0,0,0,0,0,0,0,0,0,0,197
820844403,42,52,37,35,21,4,5,0,0,0,0,0,0,0,0,0,0,0,0,196
820844404,32,51,72,71,70,18,13,5,1,1,1,0,0,0,0,0,0,0,0,335
820844405,71,60,51,45,15,11,3,1,0,1,0,0,0,1,0,0,0,0,0,259
820844406,116,97,62,27,21,3,2,3,0,0,0,0,0,0,0,0,0,0,0,331
820844407,102,99,63,48,29,8,2,1,0,1,0,0,1,0,0,0,0,0,0,354
820844408,54,59,61,51,34,14,5,2,0,0,0,0,0,0,0,0,0,0,0,280
820844409,71,73,74,65,30,14,4,1,2,0,0,0,0,0,0,0,0,0,0,334
820844410,100,72,58,41,14,5,0,1,0,0,0,0,0,0,0,0,0,0,0,291
820844411,92,87,47,32,11,5,2,1,0,0,0,0,0,0,0,0,0,0,0,277
820844412,103,94,50,45,14,4,2,0,0,0,0,0,0,0,0,0,0,0,0,312
820844413,99,88,47,37,16,4,0,1,0,0,0,0,0,0,0,0,0,0,0,292
820844414,68,83,51,42,19,7,5,1,1,0,0,0,0,0,0,0,0,0,0,277
820844415,69,88,78,68,37,12,5,4,0,0,0,0,0,0,0,0,0,0,0,361
820844416,90,89,71,51,30,2,2,1,2,1,0,0,0,0,0,0,0,0,0,339
820844417,82,84,71,49,16,7,1,2,1,0,0,0,0,0,0,0,0,0,0,313
820844418,63,95,55,64,23,1,3,0,0,0,0,0,0,0,0,0,0,0,0,304
820844419,38,48,23,25,12,1,2,0,0,0,0,0,0,0,0,0,0,0,0,149
820844420,42,58,56,54,44,8,4,1,2,1,0,0,0,0,0,0,0,0,0,270
820844501,68,91,57,67,37,7,4,2,0,0,0,0,0,0,0,0,0,0,0,333
820844502,43,65,39,29,12,1,1,0,0,0,0,0,0,0,0,0,0,0,0,190
820844503,42,56,46,41,12,4,1,0,1,0,0,0,0,0,0,0,0,0,0,203
820844504,89,94,58,48,25,8,1,0,0,0,0,0,0,0,0,0,0,0,0,323
820844505,67,68,46,35,14,5,1,0,1,0,0,0,0,0,0,0,0,0,0,237
820844506,58,47,39,28,15,2,1,1,0,0,0,0,0,0,0,0,0,0,0,191
820844507,96,82,67,63,28,5,5,4,0,0,1,0,0,0,0,0,0,0,0,351
820844508,54,90,45,43,10,3,2,0,0,0,0,0,0,0,0,0,0,0,0,247
820844509,44,46,37,33,15,4,0,1,0,0,0,0,0,0,0,0,0,0,0,180
820844510,70,86,61,56,19,6,1,2,0,0,0,0,0,0,0,0,0,0,0,301
820844511,61,44,35,32,12,5,1,1,0,0,0,0,0,0,0,0,0,0,0,191
820844512,87,91,67,64,29,8,1,0,0,0,0,0,0,0,0,0,0,0,0,347
820844513,29,20,19,7,2,3,0,0,0,0,0,0,0,0,0,0,0,0,0,80
820844514,40,45,30,37,15,4,2,0,0,0,1,0,0,0,0,0,0,0,0,174
820844515,76,68,61,66,23,5,2,1,0,0,0,0,0,0,0,0,0,0,0,302
820844516,32,34,38,52,50,11,9,1,3,0,0,0,0,0,0,0,0,0,0,230
820844517,81,68,66,37,28,9,5,0,0,1,0,0,0,0,0,0,0,0,0,295
820844518,41,53,40,43,15,1,1,2,0,0,0,0,0,0,0,0,0,0,0,196
820844519,37,37,30,43,12,8,1,0,0,0,0,0,0,0,0,0,0,0,0,168
820844520,66,93,56,50,35,5,1,0,1,0,0,0,0,0,0,0,0,0,0,307
820844521,65,71,45,33,26,8,1,1,0,0,0,0,0,1,0,0,0,0,0,251
820844522,70,82,60,47,24,2,0,0,0,0,0,0,0,0,0,0,0,0,0,285
820844523,49,57,43,29,10,0,0,0,1,0,0,0,0,0,0,0,0,0,0,189
820844524,91,83,59,67,23,5,0,0,0,0,0,0,0,0,0,0,0,0,0,328
820844525,44,60,35,32,15,4,2,0,0,0,0,0,0,0,0,0,0,0,0,192
820844526,49,57,33,32,9,3,0,0,0,0,0,0,0,0,0,0,0,0,0,183
820844527,69,62,32,29,8,0,0,0,0,0,0,0,0,0,0,0,0,0,0,200
820844528,37,48,45,30,18,4,0,0,0,0,0,0,0,0,0,0,0,0,0,182
820844529,36,47,46,53,44,8,5,4,1,0,0,1,0,0,0,0,0,0,0,245
820844530,58,42,53,28,17,7,4,1,0,0,0,0,0,0,0,0,0,0,0,210
820844531,45,40,31,33,10,6,1,0,1,0,0,0,0,0,0,0,0,0,0,167
820844532,66,50,35,32,7,3,0,0,0,0,0,0,0,0,0,0,0,0,0,193
820844601,83,88,75,55,30,7,3,1,0,0,1,0,0,0,0,0,0,0,0,343
820844602,107,88,56,57,17,1,1,0,0,1,0,0,0,0,0,0,0,0,0,328
820844603,84,87,66,51,13,5,1,1,0,0,0,0,0,0,0,0,0,0,0,308
820844604,74,109,64,57,21,7,1,1,0,0,0,0,0,0,0,0,0,0,0,334
820844605,29,41,40,31,13,1,0,0,0,0,0,0,0,0,0,0,0,0,0,155
820844606,87,106,86,74,37,8,1,1,0,0,0,0,0,0,0,0,0,0,0,400
820844607,49,59,39,29,19,5,4,1,0,0,0,0,0,1,0,0,0,0,0,206
820844608,80,95,74,54,20,10,3,1,0,0,0,0,0,0,0,0,0,0,0,337
820844609,45,52,53,48,38,3,7,2,3,2,0,0,0,0,0,0,0,0,0,253
820844610,81,70,80,68,39,12,1,2,0,1,0,0,0,0,0,0,0,0,0,354
820844611,45,51,56,37,49,6,4,0,2,1,1,0,1,0,0,0,0,0,0,253
820844612,76,76,83,80,57,17,9,6,3,0,0,2,0,0,0,0,0,0,0,409
820844613,50,87,83,63,56,11,5,3,1,0,0,0,1,0,1,0,0,0,0,361
820844614,45,59,53,66,32,17,3,0,2,0,0,0,0,0,0,0,0,0,0,277
820844615,45,69,60,53,61,9,1,0,2,3,0,0,0,0,0,0,0,0,0,303
820844616,80,78,52,51,19,5,0,1,1,0,0,0,0,0,0,0,0,0,0,287
820844617,36,38,33,44,41,9,2,5,2,0,0,0,0,0,0,0,0,0,0,210
820844618,20,33,50,40,31,7,5,0,1,1,0,0,0,0,0,0,0,0,0,188
820844619,39,63,47,48,36,15,10,3,1,0,0,0,0,0,0,0,0,0,0,262
820844620,46,50,61,34,27,9,3,3,0,0,0,0,0,0,0,0,0,0,0,233
820844621,51,54,50,34,25,5,2,1,1,1,0,0,0,0,0,0,0,0,0,224
820844701,32,41,67,50,41,12,2,0,1,1,0,0,0,0,0,0,0,0,0,247
820844702,60,80,74,67,32,9,7,2,0,0,0,1,0,0,0,0,0,0,0,332
820844703,29,34,32,41,30,15,7,0,1,0,0,0,0,0,0,0,0,0,0,189
820844704,61,45,55,54,33,7,4,5,0,0,2,0,0,0,1,0,0,0,0,267
820844705,37,74,74,45,34,8,6,1,1,0,0,0,0,0,0,0,0,0,0,280
820844706,39,57,35,28,19,5,2,0,0,0,0,0,0,0,0,0,0,0,0,185
820844707,63,50,52,51,20,4,2,3,0,0,0,0,0,0,0,0,0,0,0,245
820844708,76,87,65,75,32,4,4,2,1,1,1,0,0,0,0,0,0,0,0,348
820844709,56,56,40,31,18,9,3,0,0,0,0,0,0,0,0,0,0,0,0,213
820844710,26,48,50,50,34,14,5,4,1,0,0,0,0,0,0,0,0,0,0,232
820844711,46,64,36,50,23,4,2,0,0,0,0,0,0,0,0,0,0,0,0,225
820844712,46,56,54,59,51,13,11,4,3,2,0,0,0,0,0,0,0,0,0,299
820844713,65,76,45,65,41,7,6,1,0,1,0,0,0,0,0,0,0,0,0,307
820844714,48,80,84,91,60,21,11,4,2,1,0,1,0,0,0,0,0,0,0,403
820844715,54,58,62,48,33,9,1,2,1,0,0,0,0,0,0,0,0,0,0,268
820844716,40,69,74,102,74,11,7,3,1,0,0,0,0,0,0,0,0,0,0,381
820844717,34,34,38,45,25,9,4,0,1,0,1,0,0,0,0,0,0,0,0,191
820844718,65,78,58,47,64,16,4,4,2,1,0,0,1,0,0,0,0,0,0,340
820844719,80,63,101,79,62,15,5,3,2,0,0,0,0,0,0,0,0,0,0,410
820844720,66,48,31,45,32,9,2,1,2,1,0,1,0,0,0,0,0,0,0,238
820844721,61,77,73,71,61,8,14,1,1,0,0,0,0,0,0,0,0,0,0,367
820844722,42,54,60,44,28,6,4,2,1,0,0,0,0,0,0,0,0,0,0,241
820844723,38,47,33,30,23,4,3,2,0,0,0,0,0,0,0,0,0,0,0,180
820844724,41,56,42,37,30,9,2,4,1,1,0,0,0,0,0,0,0,0,0,223
820844725,27,50,33,40,39,13,5,3,2,0,2,0,0,0,0,0,0,0,0,214
820844726,76,61,68,62,49,11,4,4,1,0,0,0,1,0,0,0,0,0,0,337
820844727,24,41,46,65,36,12,6,0,0,0,0,0,0,0,0,0,0,0,0,230
820844728,26,28,33,44,45,12,7,1,2,0,1,1,0,0,0,0,0,0,0,200
820844729,56,54,61,67,64,7,8,0,2,0,0,0,0,0,0,0,0,0,0,319
820844730,64,66,68,61,42,12,1,2,0,0,0,0,0,0,0,0,0,0,0,316
820844801,61,79,56,48,35,11,3,0,0,1,0,0,0,0,0,0,0,0,0,294
820844802,101,87,73,69,34,11,5,1,2,0,0,0,0,0,0,0,0,0,0,383
820844803,71,88,58,67,20,5,3,2,1,0,0,0,0,0,0,0,0,0,0,315
820844804,55,55,67,61,30,14,4,1,2,0,1,0,0,0,0,0,0,0,0,290
820844805,27,53,49,55,25,3,0,1,0,0,0,0,0,0,0,0,0,0,0,213
820844806,31,40,35,32,23,2,1,0,0,0,0,0,0,0,0,0,0,0,0,164
820844807,53,58,104,80,76,30,6,4,1,1,1,0,0,0,0,0,0,0,0,414
820844808,44,56,61,52,49,9,4,3,2,2,0,0,0,0,0,0,0,0,0,282
820844809,42,48,52,43,20,6,2,1,0,0,0,0,0,0,0,1,0,0,0,215
820844810,69,102,67,59,36,9,3,1,1,1,0,1,0,0,0,0,0,0,0,349
820844811,60,72,43,46,26,8,4,1,0,0,0,0,0,0,0,0,0,0,0,260
820844812,78,101,67,82,21,13,3,0,0,0,0,0,0,0,0,0,0,0,0,365
820844813,67,26,36,35,30,9,3,0,0,1,0,0,0,0,0,0,0,0,0,207
820844814,34,71,89,77,59,10,8,1,0,1,0,0,0,0,0,0,0,0,0,350
820844815,63,68,62,60,43,12,7,4,2,0,0,0,0,0,0,0,0,0,0,321
820844816,108,105,106,102,37,12,1,3,0,1,0,1,0,0,0,0,0,0,0,476
820844817,44,62,57,71,34,6,2,0,0,0,0,0,0,0,0,0,0,0,0,276
820844818,37,59,45,52,41,7,6,3,0,0,0,1,0,0,0,0,0,0,0,251
820844819,46,70,63,57,48,9,2,2,4,1,0,0,0,0,0,0,0,0,0,302
820844820,34,63,78,68,66,11,4,2,0,2,0,0,1,0,0,0,0,0,0,329
820844821,40,44,47,65,32,7,4,0,1,0,0,0,0,0,0,0,0,0,0,240
820844822,41,45,64,51,39,1,6,2,0,0,0,0,0,0,0,0,0,0,0,249
820844823,27,38,39,25,20,4,4,0,0,0,0,0,0,0,0,0,0,0,0,157
820844824,31,49,69,77,71,9,1,1,1,1,0,0,0,0,0,0,0,0,0,310
820844825,49,59,67,56,46,8,4,3,2,1,0,0,1,0,0,0,0,0,0,296
820844826,60,88,79,69,49,11,4,5,0,0,0,0,0,0,0,0,0,0,0,365
820844827,24,45,32,36,34,3,1,0,1,0,0,0,0,0,0,0,0,0,0,176
820844828,8,9,9,10,7,0,0,2,0,0,0,0,0,0,0,0,0,0,0,45
820844829,33,57,58,57,66,14,7,3,0,0,0,0,0,0,0,0,0,0,0,295
820844830,48,47,54,48,33,17,3,3,0,0,0,0,0,0,0,0,0,0,0,253
820844831,70,57,61,71,43,6,3,1,0,1,0,0,0,0,0,0,0,0,0,313
820844832,48,66,74,63,46,8,5,4,2,0,0,0,0,0,0,0,0,0,0,316
820844833,30,48,61,42,32,6,1,0,1,0,0,0,0,0,0,0,0,0,0,221
820844834,36,80,57,42,25,10,1,0,0,1,0,0,0,0,0,0,0,0,0,252
820844835,28,55,53,68,39,7,3,1,0,0,1,1,0,0,0,0,0,0,0,256
820844901,30,23,35,31,13,3,0,2,2,0,0,0,1,0,0,0,0,0,0,140
820844902,52,49,78,42,48,11,8,1,2,0,0,0,0,0,0,0,0,0,0,291
820844903,35,58,54,50,51,11,7,1,1,0,0,0,0,0,0,1,0,0,0,269
820844904,67,78,59,62,45,7,6,1,1,1,0,0,0,0,0,0,0,0,0,327
820844905,68,56,81,69,52,20,3,3,3,0,0,1,0,0,0,0,0,0,0,356
820844906,49,84,65,82,47,13,2,4,2,2,0,0,0,0,0,0,0,0,0,350
820844907,30,38,40,34,30,8,1,2,2,1,0,0,0,0,0,0,0,0,0,186
820844908,23,20,40,29,29,9,2,1,1,1,0,0,0,0,0,0,0,0,0,155
820844909,72,95,68,77,48,7,2,1,1,0,0,1,1,0,0,0,0,0,0,373
820844910,47,71,85,84,78,23,6,1,4,0,1,0,0,0,0,0,0,0,0,400
820844911,59,51,55,57,74,14,4,3,2,2,1,0,0,0,0,0,0,0,0,322
820844912,39,63,73,77,72,20,8,6,2,0,2,0,0,0,0,0,0,0,0,362
820844913,34,81,54,43,32,8,1,0,0,0,0,0,0,0,0,0,0,0,0,253
820844914,101,57,44,49,42,8,4,2,1,1,1,0,0,0,0,0,0,0,0,310
820844915,27,40,47,50,40,6,3,1,2,0,0,0,0,0,0,0,0,0,0,216
820844916,44,46,57,56,38,5,1,4,1,0,0,0,0,0,0,0,0,0,0,252
820844917,10,27,28,29,36,8,4,3,0,1,0,0,0,0,0,0,0,0,0,146
820844918,5,12,6,11,14,5,1,0,0,0,0,0,0,0,0,0,0,0,0,54
820844919,64,53,46,44,26,4,1,0,0,0,0,0,0,0,0,0,0,0,0,238
820844920,52,50,69,48,41,10,2,1,2,0,0,0,0,0,0,0,0,0,0,275
820844921,46,42,79,84,79,16,10,6,1,1,1,0,0,0,0,0,0,0,0,365
820844922,42,64,74,62,61,10,5,2,1,0,0,0,0,0,0,0,0,0,0,321
820844923,32,57,30,41,35,6,3,3,1,1,0,0,0,0,0,0,0,0,0,209
820844924,58,73,54,52,33,7,4,7,2,0,0,0,0,0,0,0,0,0,0,290
820844925,38,57,59,40,34,8,3,0,1,0,0,0,2,0,0,0,0,0,0,242
820844926,27,30,44,49,95,25,8,5,12,5,2,0,0,0,1,0,0,0,0,303
820844927,35,54,71,73,49,12,6,6,1,1,0,0,0,0,0,0,0,0,0,308
820845001,42,52,36,37,9,5,2,1,0,0,0,0,0,0,0,0,0,0,0,184
820845002,41,45,32,31,22,6,4,1,0,0,0,0,0,0,0,0,0,0,0,182
820845003,81,87,62,55,24,7,3,0,0,1,1,1,0,0,0,0,0,0,0,322
820845004,103,129,81,56,29,14,2,1,0,0,0,0,0,1,0,0,0,0,0,416
820845005,50,52,43,37,32,10,0,0,2,0,0,0,0,0,0,0,0,0,0,226
820845006,34,40,42,40,19,4,4,0,0,0,0,0,0,0,0,0,0,0,0,183
820845007,36,54,60,56,31,12,7,1,0,0,0,0,0,0,0,0,0,0,0,257
820845008,47,47,46,33,33,7,5,1,4,0,0,0,0,0,0,0,0,0,0,223
820845009,48,57,42,43,12,5,1,1,0,0,0,0,0,0,0,0,0,0,0,209
820845010,45,68,46,36,13,10,2,0,1,1,0,0,0,0,0,0,0,0,0,222
820845011,72,108,92,64,32,16,1,1,0,0,1,0,0,0,0,0,0,0,0,387
820845012,55,57,51,51,34,9,2,4,1,0,0,0,0,0,0,0,0,0,0,264
820845013,36,61,29,34,12,7,2,1,0,0,0,0,0,0,0,0,0,0,0,182
820845014,44,46,38,43,15,3,1,1,0,0,0,0,0,0,0,0,0,0,0,191
820845015,64,42,45,40,16,6,2,1,3,0,0,0,0,0,0,0,0,0,0,219
820845016,43,50,40,27,16,1,2,0,0,0,0,0,0,0,0,0,0,0,0,179
820845017,45,40,44,46,31,5,5,2,0,1,0,0,0,0,0,0,0,0,0,219
820845018,50,46,36,35,19,6,1,3,0,0,0,0,0,0,0,0,0,0,0,196
820845019,50,43,45,24,19,1,3,0,1,0,0,0,0,0,0,1,0,0,0,187
820845020,77,54,38,35,15,5,1,1,0,0,0,0,0,0,0,0,0,0,0,226
820845021,47,57,34,36,12,2,2,0,0,0,0,0,1,0,0,0,0,0,0,191
820845101,66,62,44,40,13,3,0,0,0,0,0,0,0,0,0,0,0,0,0,228
820845102,86,90,53,56,25,7,1,1,0,0,0,0,0,0,0,0,0,0,0,319
820845103,76,105,63,54,27,4,4,2,0,0,0,0,1,0,0,0,0,0,0,336
820845104,85,92,65,47,18,6,1,0,0,0,0,0,0,0,0,0,0,0,0,314
820845105,81,93,68,43,12,4,0,0,0,0,0,0,0,0,0,0,0,0,0,301
820845106,58,50,30,32,14,3,1,0,0,0,0,0,0,0,0,0,0,0,0,188
820845107,101,78,59,60,40,9,5,0,2,0,0,0,0,0,0,0,0,0,0,354
820845108,74,49,44,33,14,9,5,1,0,0,1,0,0,0,0,0,0,0,0,230
820845109,62,74,60,37,17,5,3,1,0,0,0,0,0,0,0,0,0,0,0,259
820845110,89,83,59,52,18,5,0,0,1,0,0,0,0,0,0,0,0,0,0,307
820845111,90,84,70,61,26,4,1,3,0,0,0,0,0,0,0,0,0,0,0,339
820845112,78,88,60,40,21,8,1,0,0,0,0,0,0,0,0,0,0,0,0,296
820845113,52,51,52,41,16,7,1,0,1,0,0,0,0,0,0,0,0,0,0,221
820845114,83,67,61,58,39,16,7,4,2,1,0,0,0,0,0,0,0,0,0,338
820845115,52,52,39,28,15,5,1,0,0,0,0,0,0,0,0,0,0,0,0,192
820845116,49,59,61,41,27,14,0,1,0,0,1,0,0,0,0,0,0,0,0,253
820845117,66,69,51,57,40,8,5,2,1,1,0,0,0,0,0,0,0,0,0,300
820845201,49,79,56,53,29,9,6,1,0,0,0,0,0,0,0,0,0,0,0,282
820845202,63,77,72,76,39,18,9,1,2,0,1,1,0,0,0,0,0,0,0,359
820845203,37,54,38,35,23,8,2,0,0,1,0,0,0,0,0,0,0,0,0,198
820845204,37,65,65,81,43,7,2,0,0,1,0,0,0,0,0,0,0,0,0,301
820845205,41,44,28,36,43,7,6,3,0,1,0,0,0,0,0,0,0,0,0,209
820845206,24,33,56,48,48,5,5,0,0,0,0,0,0,0,0,0,0,0,0,219
820845207,33,50,54,58,55,9,8,2,0,0,0,0,0,0,0,0,0,0,0,269
820845208,18,40,53,35,30,12,6,1,0,0,0,0,0,0,0,1,0,1,0,197
820845209,62,74,94,78,72,17,11,2,3,1,0,0,0,0,0,0,0,0,0,414
820845210,50,74,42,39,44,8,6,3,1,0,1,0,0,0,0,0,0,0,0,268
820845211,41,62,76,77,61,10,6,5,1,0,0,0,0,0,0,0,0,0,0,339
820845212,45,52,65,65,53,9,5,4,5,0,0,0,0,0,0,0,0,0,0,303
820845213,71,82,76,74,53,16,7,2,1,0,0,0,0,0,0,0,0,0,0,382
820845214,38,28,40,42,29,3,6,2,0,0,0,0,0,0,0,0,0,0,0,188
820845215,51,54,48,39,22,11,3,1,1,2,0,0,0,0,0,0,0,0,0,232
820845216,45,47,39,20,14,6,1,0,1,0,0,1,0,0,0,0,0,0,0,174
820845217,51,57,55,53,41,12,3,2,0,3,0,0,0,0,0,0,0,0,0,277
820845218,22,43,45,53,44,7,5,3,0,1,1,1,0,0,0,2,0,0,0,227
820845219,22,43,43,58,45,9,3,0,0,1,0,0,0,0,0,0,0,0,0,224
820845220,25,38,47,46,39,7,4,2,1,0,1,0,0,1,0,0,0,0,0,211
820845221,34,48,63,54,57,10,5,3,0,0,0,0,0,0,0,0,0,0,0,274
820845222,69,81,88,71,80,11,5,1,1,0,0,0,0,0,0,0,0,0,0,407
820845223,23,37,36,24,13,7,2,0,0,0,0,0,0,0,0,0,0,0,0,142
820845301,106,86,48,43,25,5,2,2,1,0,0,0,0,0,0,0,0,0,0,318
820845302,62,67,38,37,15,5,0,1,0,0,0,0,0,0,0,0,0,0,0,225
820845303,24,41,23,32,8,3,3,0,0,0,0,0,0,0,0,0,0,0,0,134
820845304,61,86,78,86,57,14,4,1,0,1,0,0,0,0,0,0,0,0,0,388
820845305,61,47,48,51,37,14,7,5,0,0,0,0,0,0,0,0,0,0,0,270
820845306,96,119,70,74,33,9,3,1,0,0,0,0,0,0,0,0,0,0,0,405
820845307,102,97,92,73,28,5,3,0,0,0,0,0,0,0,0,0,0,0,0,400
820845308,64,86,62,48,30,7,5,0,1,0,0,0,0,0,0,0,0,0,0,303
820845309,69,78,85,79,47,9,9,0,1,0,0,0,1,0,0,0,0,0,0,378
820845310,43,50,39,32,10,2,5,1,0,0,0,0,0,0,0,0,0,0,0,182
820845311,53,55,40,34,5,5,0,0,0,0,0,0,0,0,0,0,0,0,0,192
820845312,93,96,63,53,19,1,0,0,1,0,0,0,0,0,0,0,0,0,0,326
820845313,56,61,35,47,16,2,1,0,2,0,0,0,0,0,0,0,0,0,0,220
820845314,59,72,39,44,21,8,3,2,0,0,0,0,0,0,0,0,0,0,0,248
820845315,89,85,85,42,22,2,2,2,0,0,0,0,0,0,0,0,0,0,0,329
820845316,52,58,54,42,14,6,5,0,0,0,0,0,0,0,0,0,0,0,0,231
820845317,67,58,50,33,29,1,2,0,0,0,0,0,0,0,0,0,0,0,0,240
820845318,131,178,142,118,57,12,6,3,0,0,0,0,0,0,0,0,0,0,0,647
820845319,88,81,68,53,31,4,1,1,0,0,0,0,0,0,0,0,0,0,0,327
820845320,64,58,37,48,23,2,1,1,1,0,0,0,0,0,0,0,0,0,0,235
820845321,38,52,47,38,15,4,4,1,0,0,0,0,0,0,0,0,0,0,0,199
820845322,20,18,16,7,4,2,2,0,0,0,0,0,0,0,0,0,0,0,0,69
820845323,58,58,70,69,21,8,1,1,1,0,0,0,0,0,0,0,0,0,0,287
820845324,43,39,28,31,7,1,0,0,0,0,0,0,0,0,0,0,0,0,0,149
820845325,57,68,36,43,17,6,5,0,0,0,0,0,1,0,0,0,0,0,0,233
820845326,34,43,41,29,38,5,1,2,0,0,0,0,1,0,0,0,0,0,0,194
820845327,60,67,57,37,13,1,1,1,1,0,1,0,0,0,0,0,0,0,0,239
820845328,60,56,61,46,32,5,1,3,1,0,0,0,0,0,0,0,0,0,0,265
820845401,35,53,27,24,5,0,0,1,0,0,0,0,0,0,0,0,0,0,0,145
820845402,58,73,47,46,21,9,1,1,0,0,0,0,0,0,0,0,0,0,0,256
820845403,49,63,42,37,10,6,3,0,2,1,0,0,0,0,0,0,0,0,0,213
820845404,85,85,74,65,18,7,5,0,1,1,0,0,0,0,0,0,0,0,0,341
820845405,60,51,61,46,30,8,4,1,1,0,0,0,0,0,0,0,0,0,0,262
820845406,3,4,3,4,0,0,0,0,0,0,0,0,0,0,0,0,0,0,0,14
820845407,65,106,89,87,65,11,2,1,1,0,0,0,0,0,0,0,0,0,0,427
820845408,65,63,61,70,48,9,3,1,1,0,0,0,0,0,0,0,0,0,0,321
820845409,52,50,48,32,21,1,2,1,0,0,1,0,0,0,0,0,0,0,0,208
820845410,43,46,34,22,21,8,5,2,0,0,0,0,0,0,0,0,0,0,0,181
820845411,94,108,77,64,36,11,2,1,0,0,0,0,0,0,0,0,0,0,0,393
820845412,81,99,75,67,24,5,0,1,0,0,1,0,0,0,0,0,0,0,0,353
820845413,62,66,44,24,12,4,1,0,0,0,0,0,0,0,0,0,0,0,0,213
820845414,78,100,80,51,34,6,1,1,1,0,0,0,0,0,0,0,0,0,0,352
820845415,90,102,69,62,14,10,0,1,0,0,0,0,0,0,0,0,0,0,0,348
820845416,82,89,57,57,19,8,1,1,0,1,0,0,0,0,0,0,0,0,0,315
820845417,66,70,61,59,18,3,1,0,0,0,0,0,0,0,0,0,0,0,0,278
820845418,84,81,83,51,27,5,1,0,0,0,0,0,0,0,0,0,0,0,0,332
820845419,36,51,41,28,8,4,0,0,0,0,0,0,0,0,0,0,0,0,0,168
820845420,59,54,47,55,33,4,4,1,1,0,0,0,0,0,0,0,0,0,0,258
820845421,26,41,30,26,22,7,5,3,1,0,0,0,0,0,0,0,0,0,0,161
820845501,47,37,30,27,11,2,3,0,0,0,0,0,0,0,0,0,0,0,1,158
820845502,66,105,53,56,34,13,3,1,1,0,1,0,0,0,0,0,0,0,0,333
820845503,92,93,50,61,23,3,1,0,0,0,0,0,0,0,0,0,0,0,0,323
820845504,75,87,75,60,28,6,5,1,0,0,0,0,0,0,0,0,0,0,0,337
820845505,91,96,61,53,26,8,2,0,0,0,0,0,0,0,0,0,0,0,0,337
820845506,73,68,52,44,25,6,3,1,0,0,0,0,0,0,0,0,0,0,0,272
820845507,94,103,77,67,56,12,5,1,0,0,0,0,0,0,0,0,0,0,0,415
820845508,67,89,105,74,58,21,12,3,3,1,2,1,1,0,0,0,0,0,0,437
820845509,80,75,63,66,22,6,1,1,0,0,0,0,0,0,0,0,0,0,0,314
820845510,74,81,79,75,46,10,4,2,1,1,0,1,0,0,0,0,0,0,0,374
820845511,80,67,62,45,34,11,3,3,0,0,0,0,0,0,0,0,0,0,0,305
820845512,56,72,64,56,34,17,3,2,3,0,0,0,0,0,0,0,0,0,0,307
820845513,28,55,38,50,43,6,5,1,0,0,0,0,0,0,0,0,0,0,0,226
820845514,36,54,41,42,22,5,3,1,1,0,1,0,0,0,0,0,0,0,0,206
820845515,43,44,54,65,50,13,4,3,3,0,0,2,1,0,0,0,0,0,0,282
820845516,69,75,85,76,64,14,3,4,4,0,1,0,0,0,0,0,0,0,1,396
820845517,55,62,67,59,41,10,4,3,1,0,0,0,0,0,0,0,0,0,0,302
820845518,63,55,77,67,54,13,7,2,2,0,0,0,0,0,0,0,0,0,0,340
820845519,50,57,55,51,43,9,3,1,1,0,0,0,0,0,0,0,0,0,0,270
820845520,45,49,37,39,28,4,2,2,1,0,0,0,0,0,0,0,0,0,0,207
820845521,47,83,55,45,49,8,1,3,2,0,0,0,0,1,1,0,0,0,0,295
820845522,52,50,53,54,33,9,2,1,0,0,0,0,0,0,0,0,0,0,0,254
820845523,61,74,66,43,26,9,4,2,0,1,0,0,0,0,0,0,1,0,0,287
820845524,34,51,32,35,12,3,2,0,0,0,0,0,0,0,0,0,0,0,0,169
820845525,63,76,100,115,81,17,7,1,1,0,0,1,0,0,0,0,0,0,0,462
820845526,42,56,57,57,36,7,5,1,0,0,0,1,0,0,0,0,0,0,0,262
820845527,43,64,70,55,34,12,0,3,2,0,0,0,0,0,0,0,0,0,0,283
820845528,56,60,43,48,24,10,4,1,1,0,0,0,0,0,0,0,0,0,0,247
820845529,30,37,59,53,43,11,1,2,1,0,0,0,0,0,0,0,0,0,0,237
820845530,57,57,55,31,24,6,3,0,0,0,0,0,0,0,0,0,0,0,0,233
820845601,13,4,1,0,2,0,0,0,0,0,0,0,0,0,0,0,0,0,0,20
820845602,1,0,0,0,0,0,0,0,0,0,0,0,0,0,0,0,0,0,0,1
820845603,0,1,2,3,1,0,0,1,0,0,0,0,0,0,0,0,0,0,0,8
820848001,67,60,60,36,9,4,3,0,0,0,0,0,0,0,0,0,0,0,0,239
820848002,83,56,47,16,9,0,0,0,1,0,0,0,0,0,0,0,0,0,0,212
820848003,87,55,46,27,11,8,1,0,0,1,0,0,0,0,0,0,0,0,0,236
820848004,126,66,23,16,8,3,1,0,0,0,0,0,0,0,0,0,0,0,0,243
820848005,73,45,48,39,15,5,4,2,0,0,0,0,0,0,0,0,0,0,0,231
820848006,139,99,36,32,10,4,3,0,0,0,0,0,0,0,0,0,0,0,0,323
820848007,151,94,33,25,9,0,3,0,0,0,0,0,0,0,0,0,0,0,0,315
820848008,117,63,25,7,3,0,0,0,0,0,0,0,0,0,0,0,0,0,0,215
820848009,136,74,49,30,11,4,0,0,0,0,0,0,0,0,0,0,0,0,0,304
820848010,117,91,44,42,11,2,0,0,2,0,0,0,0,0,0,0,0,0,0,309
820848011,82,52,22,27,7,2,0,0,0,0,0,0,0,0,0,0,0,0,0,192
820848012,123,90,55,40,13,6,1,0,0,0,0,0,0,0,0,0,0,0,0,328
820848013,112,85,48,16,6,0,0,0,0,0,0,0,0,0,0,0,0,0,0,267
820848014,110,76,32,22,6,4,1,0,0,0,0,0,0,0,0,0,0,0,0,251
820848015,104,76,46,30,4,0,0,0,0,0,0,0,0,0,0,0,0,0,0,260
820848016,71,49,24,30,4,1,2,0,0,0,0,0,0,0,0,0,0,0,0,181
820848017,121,83,49,32,12,2,0,0,0,0,0,0,0,0,0,0,0,0,0,299
820848018,61,45,23,11,5,0,0,0,0,0,0,0,0,0,0,0,0,0,0,145
820848019,112,105,71,41,14,5,1,0,0,0,0,0,0,0,0,0,0,0,0,349
820848020,91,58,34,12,10,1,2,2,0,0,0,0,0,0,0,0,0,0,0,210
820848021,56,40,22,14,10,0,1,0,0,0,0,0,0,0,0,0,0,0,0,143
820848022,122,58,18,6,2,1,0,0,0,0,0,0,0,0,0,0,0,0,0,207
820848023,94,89,49,31,10,1,1,0,0,0,0,0,0,0,0,0,0,0,0,275
820848024,76,79,56,32,9,5,2,0,2,0,0,0,0,0,0,0,0,0,0,261
820848025,121,54,33,23,8,0,0,0,0,0,0,0,0,0,0,0,0,0,0,239
820848026,81,72,44,36,11,4,1,0,0,0,0,0,0,0,0,0,0,0,0,249
820848027,137,99,62,39,15,4,2,0,0,1,0,0,0,0,0,0,0,0,0,359
820848028,78,83,41,29,10,1,0,0,0,0,0,0,0,0,0,0,0,0,0,242
820848029,98,61,37,22,6,2,2,0,0,0,0,0,0,0,0,0,0,0,0,228
820848030,117,90,40,23,7,1,0,1,0,0,0,0,0,0,0,0,0,0,0,279
820848031,170,77,32,16,3,2,2,0,0,0,0,0,0,0,0,0,0,0,0,302
820848032,118,66,46,21,10,3,0,0,0,0,0,0,0,0,0,0,0,0,0,264
820848033,74,45,14,10,4,0,0,0,0,0,0,0,0,0,0,0,0,0,0,147
820848034,67,73,42,32,16,7,0,0,0,0,0,0,0,0,0,0,0,0,0,237
820848035,154,120,65,41,11,3,0,0,1,0,0,0,0,0,0,0,0,0,0,395
820848036,96,83,36,25,7,1,1,0,0,0,0,0,0,0,0,0,0,0,0,249
820848037,152,55,19,4,2,0,0,0,0,0,0,0,0,0,0,0,0,0,0,232
820848038,102,67,22,13,4,1,0,0,0,0,0,0,0,0,0,0,0,0,0,209
820848039,73,48,39,12,3,1,1,0,0,0,0,0,0,0,0,0,0,0,0,177
820848040,217,101,65,28,5,4,0,0,0,0,0,0,0,0,0,0,0,0,0,420
820848041,100,79,32,19,13,0,0,0,1,0,0,0,0,0,0,0,0,0,0,244
820848042,38,35,36,17,12,5,4,1,0,0,0,0,0,0,0,0,0,0,0,148
820848043,84,53,31,14,7,2,0,0,0,0,0,0,0,0,0,0,0,0,0,191
820848044,146,76,29,16,2,1,0,0,0,0,0,0,0,0,0,0,0,0,0,270
820848045,114,86,32,29,4,5,1,1,0,0,0,0,0,0,0,0,0,0,0,272
820848101,89,93,66,46,17,4,1,0,0,0,0,0,0,0,0,0,0,0,0,316
820848102,80,76,35,34,9,1,2,0,0,0,0,0,0,0,0,0,0,0,0,237
820848103,102,90,59,35,13,4,2,0,0,0,0,0,0,0,0,0,0,0,0,305
820848104,104,84,56,42,17,3,0,0,0,0,0,0,0,0,0,0,0,0,0,306
820848105,103,72,48,37,10,3,0,0,1,0,0,0,0,0,0,0,0,0,0,274
820848106,98,58,28,26,3,1,0,0,0,0,0,0,0,0,0,0,0,0,0,214
820848107,145,91,64,40,13,6,0,1,0,1,0,0,0,0,0,0,0,0,0,361
820848108,97,77,60,43,15,5,0,0,0,0,0,0,0,0,0,0,0,0,0,297
820848109,102,89,69,43,20,10,2,0,0,0,0,0,0,0,0,0,0,0,0,335
820848110,95,95,65,67,25,7,4,2,1,0,0,0,0,0,0,0,0,0,0,361
820848111,117,71,49,27,12,5,1,0,0,0,0,0,0,0,0,0,0,0,0,282
820848112,114,87,57,40,12,4,2,2,0,0,1,0,0,0,0,0,0,0,0,319
820848113,81,81,45,25,8,3,1,0,0,0,0,0,0,0,0,0,0,0,0,244
820848114,86,62,54,36,13,4,1,1,0,0,0,0,0,0,0,0,0,0,0,257
820848115,71,47,18,22,6,1,0,1,1,0,0,0,0,0,0,0,0,0,0,167
820848116,58,51,45,32,3,4,0,1,0,0,0,0,0,0,0,0,0,0,0,194
820848117,91,85,69,58,33,15,7,5,0,1,0,0,0,0,0,0,0,0,0,364
820848118,83,78,79,54,29,12,6,2,1,1,0,0,0,0,0,1,0,0,0,346
820848119,95,88,59,55,39,9,0,1,0,0,0,0,0,0,0,0,0,0,0,346
820848120,107,62,71,40,17,5,0,2,0,0,0,0,0,0,0,0,0,0,0,304
820848121,104,95,55,33,12,2,2,1,0,0,0,0,0,0,0,0,0,0,0,304
820848122,104,49,31,24,5,3,1,0,0,0,0,0,0,0,0,0,0,0,0,217
820848123,49,58,54,38,11,12,3,0,0,1,0,0,0,0,0,0,0,0,0,226
820848201,32,33,36,53,16,4,0,0,0,0,0,0,0,0,0,0,0,0,0,174
820848202,41,38,37,41,32,7,2,1,0,0,0,0,0,0,0,0,0,0,0,199
820848203,45,51,44,37,28,4,6,1,0,0,0,0,0,0,0,0,0,0,0,216
820848204,48,46,55,45,22,14,4,3,0,0,0,0,0,0,0,0,0,0,0,237
820848205,76,71,65,57,25,5,2,0,2,0,0,0,0,0,0,0,0,0,0,303
820848206,74,99,72,57,31,5,4,2,0,0,0,0,0,0,0,0,0,0,0,344
820848207,79,104,96,75,29,6,5,0,1,0,0,0,0,0,0,0,0,0,0,395
820848208,64,71,78,54,39,19,5,4,0,0,0,1,0,0,2,0,0,0,0,337
820848209,36,43,41,54,48,4,3,0,0,0,0,0,0,0,0,0,0,0,0,229
820848210,48,31,53,52,30,10,2,1,0,0,0,0,0,0,0,0,0,0,0,227
820848211,37,53,36,36,24,4,2,1,3,0,0,0,0,0,0,0,0,0,0,196
820848212,41,58,57,48,53,8,2,1,1,0,2,0,0,0,0,0,0,0,0,271
820848213,52,58,39,60,35,12,6,2,1,1,1,0,0,0,0,0,0,0,0,267
820848214,44,65,45,34,19,3,0,0,1,0,0,0,0,0,0,0,0,0,0,211
820848215,28,44,54,51,40,7,2,0,1,1,1,0,0,0,0,0,0,0,0,229
820848216,58,75,61,51,25,11,1,0,0,0,0,0,0,0,0,0,0,0,0,282
820848217,108,73,64,63,47,13,8,2,1,1,0,0,0,0,0,0,0,0,0,380
820848218,29,49,43,49,14,4,5,3,0,0,0,0,0,0,1,0,0,0,0,197
820848219,41,56,52,58,31,7,2,2,1,1,2,0,0,0,0,0,0,0,0,253
820848220,29,59,51,48,31,5,4,0,2,0,0,0,0,0,0,0,0,0,0,229
820848221,27,35,48,46,31,9,2,4,1,0,0,0,0,0,0,0,0,0,1,204
820848222,25,36,42,41,37,12,1,4,0,1,0,0,0,0,0,0,0,0,0,199
820848223,69,58,54,42,21,5,2,1,1,1,0,0,0,0,0,0,0,0,0,254
820848224,49,56,43,31,25,5,0,0,1,0,0,0,1,0,0,0,0,0,0,211
820848225,29,57,39,64,33,12,3,1,0,0,0,0,0,0,0,0,0,0,0,238
820848226,71,73,59,54,40,6,9,4,3,1,0,0,0,0,0,0,0,0,0,320
820848227,37,65,55,50,56,16,2,2,2,1,0,0,1,0,0,0,0,0,0,287
820848228,31,49,73,69,47,13,0,2,1,0,0,0,0,0,0,0,0,0,0,285
820848229,29,51,42,47,29,10,3,0,0,1,1,0,0,0,0,0,0,0,0,213
820848230,28,37,44,47,17,8,6,1,0,0,0,0,0,0,0,0,0,0,0,188
820848231,47,70,56,42,31,9,3,1,0,0,0,0,0,0,0,0,0,0,0,259
820848232,44,66,69,58,27,8,1,0,2,0,2,0,1,0,0,0,0,0,0,278
820848233,51,63,57,42,13,7,0,2,0,0,0,0,0,0,0,0,0,0,0,235
820848234,36,54,48,53,23,7,2,1,0,0,0,1,0,0,0,0,0,0,0,225
820848235,48,37,37,46,20,2,1,0,0,0,0,0,0,0,0,0,0,0,0,191
820848301,111,116,82,58,32,5,1,0,0,1,0,0,0,0,0,0,0,0,0,406
820848302,53,53,35,26,12,4,2,0,0,0,1,0,0,0,0,0,0,0,0,186
820848303,78,84,54,51,22,4,1,0,0,0,0,0,0,0,0,0,0,0,0,294
820848304,52,64,39,31,16,1,3,1,0,0,0,0,0,0,0,0,0,0,0,207
820848305,81,100,52,62,12,7,2,0,0,0,0,0,0,0,0,0,0,0,0,316
820848306,83,77,65,47,19,4,3,0,0,0,0,0,0,0,0,0,0,0,0,298
820848307,88,96,54,55,14,2,3,0,0,0,0,0,0,0,0,0,0,0,0,312
820848308,45,57,38,31,20,8,5,0,0,0,0,0,0,0,0,0,0,0,0,204
820848309,58,73,46,38,10,2,2,0,0,0,0,0,0,0,0,0,0,0,0,229
820848310,53,54,53,32,11,0,2,0,0,0,0,0,0,0,0,0,0,0,0,205
820848311,82,110,68,58,25,6,2,1,0,0,0,0,0,0,0,0,0,0,0,352
820848312,66,74,51,36,11,1,0,2,0,0,0,0,0,0,0,0,0,0,0,241
820848313,70,86,61,57,23,11,5,1,0,0,0,0,0,0,0,0,0,0,0,314
820848314,40,55,40,21,23,4,1,0,0,0,0,0,0,0,0,0,0,0,0,184
820848315,65,92,58,60,20,8,1,0,0,0,0,0,0,0,0,0,0,0,0,304
820848316,49,69,41,25,11,2,0,0,0,0,0,0,0,0,0,0,0,0,0,197
820848317,55,46,33,35,12,2,0,1,0,0,0,0,0,0,0,0,0,0,0,184
820848318,56,37,35,33,7,3,0,0,0,0,0,0,0,0,0,0,0,0,0,171
820848319,60,49,44,31,13,2,2,1,0,0,0,0,0,0,0,0,0,0,0,202
820848401,44,50,33,52,24,4,2,0,0,0,0,0,0,0,0,0,0,0,0,209
820848402,68,90,64,42,18,8,0,1,0,0,0,0,0,0,0,0,0,0,0,291
820848403,38,52,61,50,19,6,2,1,0,0,0,0,0,0,0,0,0,0,0,229
820848404,52,57,36,33,15,7,0,1,0,0,0,0,0,0,0,0,0,0,0,201
820848405,93,89,51,38,22,8,2,0,0,0,0,0,0,0,0,0,0,0,0,303
820848406,69,76,58,67,24,9,2,0,2,0,0,0,0,0,0,0,0,0,0,307
820848407,43,49,46,45,37,3,1,1,1,1,0,0,0,0,0,0,0,0,0,227
820848408,75,67,59,52,21,6,2,2,0,0,0,0,0,0,0,0,0,0,0,284
820848409,135,130,124,112,44,8,3,3,1,0,0,0,0,0,0,0,0,0,0,560
820848410,92,109,69,62,41,11,3,1,3,0,0,0,0,0,0,0,0,0,0,391
820848411,36,51,57,35,18,4,2,0,0,0,0,0,0,0,0,0,0,0,0,203
820848412,27,49,52,61,35,11,5,1,0,1,0,1,0,0,0,0,0,0,0,243
820848413,43,48,55,66,50,12,7,3,0,0,0,0,0,0,0,0,0,0,0,284
820848414,25,31,62,67,52,10,5,1,1,0,0,0,0,0,0,0,0,0,0,254
820848415,25,33,48,42,25,10,0,0,0,1,0,0,0,0,0,0,0,0,0,184
820848416,31,58,46,48,41,7,5,1,1,1,0,0,0,0,0,0,0,0,0,239
820848417,25,39,47,48,40,10,2,0,1,0,1,0,0,0,0,0,0,0,0,213
820848418,55,51,49,45,47,11,3,1,0,0,0,0,0,0,0,0,0,0,0,262
820848419,26,32,23,25,24,7,0,1,1,0,0,0,0,0,0,0,0,0,0,139
820848420,24,50,49,60,60,11,6,5,1,0,1,1,0,0,0,0,0,0,0,268
820848421,56,76,69,87,37,6,7,0,1,0,0,0,0,0,0,0,0,0,0,339
820848422,50,52,48,55,24,7,2,3,1,0,0,0,0,0,0,0,0,0,0,242
820848423,37,43,54,50,18,6,4,0,1,1,0,0,0,0,0,0,0,0,0,214
820848424,32,58,45,48,23,4,1,1,0,0,0,0,0,0,0,0,0,0,0,212
820848425,44,44,35,41,21,10,1,2,0,0,0,0,0,0,0,0,0,0,0,198
820848426,47,51,65,88,37,19,4,3,1,1,0,1,0,0,0,0,0,0,0,317
820848427,35,58,62,55,34,10,3,0,2,0,0,0,0,0,0,0,0,0,0,259
820848428,28,31,41,66,39,12,3,6,1,3,0,1,0,0,0,0,0,0,0,231
820848429,24,49,54,69,52,11,2,4,1,0,0,0,0,0,0,0,0,0,0,266
820848430,40,52,52,61,21,4,1,0,0,0,0,0,0,0,0,0,0,0,0,231
820848501,46,46,48,32,27,4,1,0,1,1,0,0,0,0,0,0,0,0,0,206
820848502,40,43,61,64,62,14,5,4,3,0,1,0,0,0,0,0,0,0,0,297
820848503,47,80,56,52,40,14,2,6,1,0,1,0,0,0,0,0,0,0,0,299
820848504,37,53,51,46,33,11,3,0,0,0,0,0,0,0,0,0,0,0,0,234
820848505,64,70,52,45,23,14,3,2,0,0,0,0,1,0,0,0,0,0,0,274
820848506,62,68,47,33,14,5,1,0,0,0,0,0,0,0,0,0,0,0,0,230
820848507,58,72,52,39,33,6,1,1,0,0,0,0,0,0,0,0,0,0,0,262
820848508,74,89,52,47,22,9,1,1,2,0,0,0,0,0,0,0,0,0,0,297
820848509,45,62,57,58,55,13,3,3,1,0,0,0,0,1,0,0,0,0,0,298
820848510,46,61,40,32,22,2,3,2,0,0,0,0,0,0,0,0,0,0,0,208
820848511,69,65,66,47,30,10,3,1,0,0,1,0,0,0,0,0,0,0,0,292
820848512,48,72,57,60,23,13,2,2,0,1,0,0,0,0,0,0,0,0,0,278
820848513,64,85,64,74,53,10,8,2,1,0,0,1,1,0,0,0,0,0,0,363
820848514,24,28,41,44,38,3,4,2,1,0,0,0,0,0,0,0,0,0,0,185
820848515,41,58,70,49,36,12,8,5,0,0,1,0,0,0,0,0,0,0,0,280
820848516,48,65,70,55,31,10,3,0,1,0,1,0,0,0,0,0,0,0,0,284
820848517,46,39,26,24,16,5,2,2,1,0,0,0,0,0,0,0,0,0,0,161
820848518,34,51,49,60,71,18,6,2,3,2,0,0,0,0,0,0,0,0,0,296
820848519,60,38,39,40,41,9,6,2,1,1,0,1,0,0,0,0,0,0,0,238
820848520,51,64,54,73,64,16,5,4,1,3,0,1,0,0,0,0,0,0,0,336
820848521,26,37,65,49,23,11,7,3,3,0,0,0,0,0,0,0,0,0,0,224
820848522,39,42,50,30,29,6,3,2,1,0,0,0,0,0,0,0,0,0,0,202
820848523,31,54,22,19,18,4,0,1,0,0,0,0,0,0,0,0,0,0,0,149
820848601,54,66,56,48,29,8,1,3,1,0,1,0,0,0,0,0,0,0,0,267
820848602,43,66,53,43,20,8,1,0,1,0,0,0,0,0,0,0,0,0,0,235
820848603,79,89,65,61,32,6,3,0,0,0,0,0,0,0,0,0,0,0,0,335
820848604,71,50,52,48,26,9,4,3,2,0,0,0,0,0,0,0,0,0,0,265
820848605,55,41,50,51,27,6,1,1,0,0,0,0,0,0,0,0,0,0,0,232
820848606,56,61,40,45,27,11,1,0,2,0,0,0,0,0,0,0,0,0,0,243
820848607,61,47,37,31,28,3,1,1,1,0,0,0,0,0,0,0,0,0,0,210
820848608,64,80,68,59,49,11,4,1,0,1,0,0,0,0,0,0,0,0,0,337
820848609,34,44,41,43,31,5,0,4,0,0,0,0,0,0,0,0,0,0,0,202
820848610,25,32,41,28,30,5,2,0,0,0,0,0,0,0,0,0,0,0,0,163
820848611,15,21,32,30,34,3,2,5,1,0,0,0,0,0,0,0,0,0,0,143
820848612,53,69,57,40,32,13,3,1,0,0,0,0,0,0,0,0,0,0,0,268
820848613,54,57,37,28,28,8,3,1,1,0,0,0,0,0,0,0,0,0,0,217
820848614,60,54,60,32,24,6,3,1,0,0,0,0,0,0,0,0,0,0,0,240
820848615,32,36,57,39,19,6,6,2,0,0,0,0,0,0,0,0,0,0,0,197
820848616,43,40,50,26,26,5,3,1,1,0,0,0,0,0,0,0,0,0,0,195
820848617,40,48,56,60,34,8,5,2,2,0,0,1,0,0,0,0,0,0,0,256
820848618,34,34,42,37,27,5,3,1,1,0,1,0,0,0,0,0,0,0,0,185
820848619,28,44,45,18,24,12,3,0,0,0,1,0,0,0,0,0,0,0,0,175
820848620,43,40,66,43,60,8,8,3,4,1,0,0,0,0,0,0,0,0,0,276
820848621,28,54,48,52,55,7,2,3,1,2,0,2,0,0,0,0,0,0,0,254
820848622,82,30,37,26,17,4,1,1,1,1,0,0,0,0,0,0,0,0,0,200
820848701,48,74,47,35,11,4,1,1,0,1,0,0,0,0,0,0,0,0,0,222
820848702,48,56,36,36,24,9,1,2,1,0,0,0,0,0,0,0,0,0,0,213
820848703,68,88,73,39,15,7,1,1,0,0,0,0,0,0,0,0,0,0,0,292
820848704,86,76,61,42,10,6,3,0,0,0,0,0,0,0,0,0,0,0,0,284
820848705,50,55,47,41,19,6,2,2,0,0,0,0,0,0,0,0,0,0,0,222
820848706,154,126,120,114,37,18,6,0,0,0,0,0,0,0,0,0,0,0,0,575
820848707,67,74,67,58,30,7,4,0,0,0,0,0,0,0,0,0,0,0,0,307
820848708,55,46,59,44,31,9,4,2,0,0,0,0,0,0,0,0,0,0,0,250
820848709,66,94,60,61,44,12,5,4,3,0,0,0,0,0,0,0,0,0,0,349
820848710,55,59,53,40,31,11,1,5,0,0,0,0,0,0,0,0,0,0,0,255
820848711,44,58,48,55,27,10,7,4,0,0,1,0,0,0,0,0,0,0,0,254
820848712,57,59,54,48,34,6,5,1,0,0,0,0,0,0,0,0,0,0,0,264
820848713,56,79,66,50,35,11,6,1,0,0,0,0,0,0,0,0,0,0,0,304
820848714,52,63,48,39,25,5,4,0,1,0,0,0,0,0,0,0,0,0,0,237
820848715,33,56,57,38,27,12,4,1,0,0,0,0,0,0,0,0,0,0,0,228
820848716,44,56,45,40,21,8,5,1,1,0,0,0,0,0,0,0,0,0,0,221
820848717,57,66,42,37,8,1,1,0,0,0,0,0,0,0,0,0,0,0,0,212
820848718,50,50,50,26,10,1,0,0,0,0,0,0,0,0,0,0,0,0,0,187
820848719,1,61,52,50,27,3,1,1,1,0,0,0,0,0,0,0,0,0,0,251